Id,DistrictId,Rooms,Square,LifeSquare,KitchenSquare,Floor,HouseFloor,HouseYear,Ecology_1,Ecology_2,Ecology_3,Social_1,Social_2,Social_3,Healthcare_1,Helthcare_2,Shops_1,Shops_2
9571,124,2.0,49.97217545959135,29.37315855026452,5.0,8,14.0,1976,0.16909109,B,B,19,3856,10,,2,5,B
12876,27,2.0,54.49107181674717,33.587619525656585,9.0,5,17.0,2012,0.011654127,B,B,4,915,0,,0,0,B
5905,62,1.0,49.83759525972453,,1.0,6,1.0,1977,0.072157581,B,B,2,629,1,,0,0,A
5221,120,2.0,33.882914341517825,21.623372787797575,6.0,8,9.0,1966,0.341071945,B,B,27,5664,48,2300.0,3,11,B
12569,75,2.0,59.110119894801,35.80797071261016,10.0,6,17.0,1999,0.122090347,B,B,29,6566,7,1894.0,4,0,B
13451,12,1.0,42.83419361349053,21.95000227935471,8.0,4,12.0,1995,0.090799103,B,B,74,19083,2,,5,15,B
9844,58,2.0,62.62665480931243,62.51783476469416,0.0,11,17.0,1977,0.43788524,B,B,23,5735,3,1084.0,0,5,B
4884,29,1.0,39.68887710532403,18.944480450824138,8.0,2,14.0,1977,0.069660344,B,B,31,6119,4,,1,2,B
11870,185,3.0,76.54322466475195,47.531757781573006,10.0,5,17.0,1991,0.025609157,B,B,33,5261,0,240.0,3,1,B
1131,47,2.0,55.860983176004495,31.909536799037472,8.0,5,12.0,1984,6.99893e-05,B,B,46,10309,1,240.0,1,16,B
13210,93,2.0,65.97604034541183,38.47489822026113,10.0,7,24.0,2013,0.050900058,B,B,43,10621,1,30.0,2,3,B
7110,6,1.0,48.48100349126128,3.85239974978188,1.0,12,25.0,2016,0.243204519,B,B,5,1564,0,540.0,0,0,B
12858,55,3.0,73.52132118137585,47.01892935839261,10.0,6,14.0,1996,0.041365446,B,B,31,5569,0,,1,4,B
13540,29,1.0,35.81374528416286,22.772966577624917,5.0,3,5.0,1963,0.086885265,B,B,10,2277,2,1547.0,0,0,B
16055,62,3.0,108.21890113362416,108.2722770533105,10.0,4,17.0,2017,0.072157581,B,B,2,629,1,,0,0,A
12343,13,2.0,55.63884113874912,34.071084858129375,9.0,16,17.0,2000,0.090799103,B,B,74,19083,2,,5,15,B
5787,9,1.0,45.53492788023776,23.878741902579176,8.0,13,14.0,1990,0.161531741,B,B,25,5648,1,30.0,2,4,B
772,49,2.0,54.02440075030214,28.383604740141312,9.0,19,17.0,2008,0.020741326,B,B,24,5613,5,1340.0,2,5,B
11539,26,2.0,49.52896355463472,30.51241100466033,6.0,12,12.0,1977,0.0,B,B,36,6714,2,2672.0,0,2,B
9568,140,2.0,45.10234107921121,28.385514061337485,6.0,5,5.0,1960,0.0,B,B,33,7425,1,,2,5,B
9041,27,2.0,86.1304910523078,46.39926422031172,15.0,7,14.0,2009,0.051815435,B,B,5,1227,0,,0,0,B
13305,73,1.0,47.48615091904804,44.34693531879008,1.0,10,10.0,2015,0.042031587,B,B,37,6856,84,1940.0,2,5,B
15453,1,1.0,44.62274734721015,,0.0,1,9.0,1977,0.007122317,B,B,1,264,0,,0,1,B
4518,48,2.0,53.99899058847917,34.593313464224714,9.0,15,16.0,1984,0.041124634,B,B,46,9515,5,,1,10,B
10357,124,2.0,43.13194505173272,29.74968743086344,5.0,2,5.0,1963,0.16909109,B,B,19,3856,10,,2,5,B
12144,128,1.0,39.40216930841053,21.149389319690872,8.0,9,14.0,1991,0.0,B,B,27,4798,0,30.0,2,8,B
3170,29,2.0,45.00028615616659,30.896898183350853,5.0,3,5.0,1962,0.069660344,B,B,31,6119,4,,1,2,B
14506,58,2.0,65.66502548393277,64.30984311018354,1.0,4,3.0,1977,0.43788524,B,B,23,5735,3,1084.0,0,5,B
5319,1,1.0,39.37634048543172,,1.0,8,17.0,1977,0.007122317,B,B,1,264,0,,0,1,B
9366,62,2.0,76.6875935982137,,0.0,6,0.0,1977,0.072157581,B,B,2,629,1,,0,0,A
4266,194,2.0,41.14129741564857,23.9605438609812,6.0,10,12.0,1973,0.174739084,B,B,17,3379,9,100.0,0,3,B
7340,1,3.0,87.40219912451137,85.42636483159407,1.0,8,17.0,1977,0.007122317,B,B,1,264,0,,0,1,B
9663,27,2.0,88.22319731489117,48.54797239140474,16.0,5,14.0,2007,0.051815435,B,B,5,1227,0,,0,0,B
5701,45,2.0,60.15191650192974,59.98277669169961,11.0,13,17.0,2016,0.195781053,B,B,23,5212,6,,3,2,B
12745,2,2.0,39.540883265787286,27.12572589273983,7.0,6,9.0,1964,0.035145267,B,B,42,9292,3,2620.0,0,3,B
14269,6,1.0,42.86187007722905,,0.0,13,17.0,1977,0.243204519,B,B,5,1564,0,540.0,0,0,B
11100,18,1.0,51.73750759592284,30.524222511095232,1.0,2,1.0,1977,0.0,B,B,30,5562,0,,0,5,A
14066,79,2.0,49.24404934301864,31.385953840677843,7.0,5,9.0,1979,0.307466659,B,A,30,5048,9,325.0,2,5,B
13121,1,3.0,62.92999435890491,38.909846333966186,8.0,4,14.0,1993,0.025609157,B,B,33,5261,0,240.0,3,1,B
12470,75,2.0,54.72555991372335,31.499280217935425,8.0,7,12.0,1982,0.122090347,B,B,29,6566,7,1894.0,4,0,B
9093,26,2.0,45.72973678818752,28.8965516946566,5.0,4,5.0,1965,0.0,B,B,36,6714,2,2672.0,0,2,B
3450,93,1.0,38.64810812484739,20.62427243010402,8.0,4,14.0,1986,0.521867054,B,B,25,6149,0,,0,0,B
3375,9,2.0,61.79563588516488,,1.0,4,1.0,1977,0.161531741,B,B,25,5648,1,30.0,2,4,B
469,85,2.0,60.610414794448936,38.56357854164639,10.0,16,22.0,1989,0.037177818,B,B,52,11217,1,2300.0,1,7,B
7184,185,2.0,54.49277755096296,30.40022695400813,9.0,17,17.0,2004,0.025609157,B,B,33,5261,0,240.0,3,1,B
13553,94,2.0,60.622250468032114,,0.0,23,24.0,1977,0.282797669,B,B,33,8667,2,,0,6,B
12482,116,2.0,38.8503097301713,39.594067728264434,6.0,5,9.0,1965,0.341071945,B,B,27,5664,48,2300.0,3,11,B
4255,1,3.0,77.37611170802313,,10.0,2,17.0,2018,0.007122317,B,B,1,264,0,,0,1,B
8767,84,1.0,35.90736772042512,20.807331729875315,9.0,9,12.0,1967,0.006076152,B,B,30,5285,0,645.0,6,6,B
2075,11,1.0,38.29649910490821,21.137445989349924,9.0,4,14.0,1972,0.012338886,B,B,35,5776,1,2078.0,2,4,B
4304,31,3.0,79.1999006785866,52.59950397413879,9.0,5,5.0,1957,0.151346216,B,A,32,5889,10,830.0,4,1,B
3786,23,1.0,41.95728802110396,41.598685828279976,1.0,4,9.0,2017,0.034656082,B,B,0,168,0,,0,0,B
6257,62,1.0,43.83591910863056,,0.0,9,0.0,1977,0.072157581,B,B,2,629,1,,0,0,A
3493,1,2.0,52.93263397839317,,1.0,15,17.0,1977,0.007122317,B,B,1,264,0,,0,1,B
6713,47,3.0,73.61935861854883,49.86600523360342,10.0,2,17.0,2009,0.197367951,B,B,8,2423,1,32.0,0,1,B
9570,129,1.0,39.55023422390107,21.55964605695651,9.0,11,16.0,1979,0.460556389,B,B,20,4386,14,,1,5,B
1006,6,2.0,62.19617909916511,35.465934597202725,13.0,8,17.0,2012,0.243204519,B,B,5,1564,0,540.0,0,0,B
9477,27,1.0,36.61937467826312,,8.0,16,25.0,2017,0.072157581,B,B,2,629,1,,0,0,A
13270,9,3.0,80.59947151905445,,1.0,4,1.0,1977,0.161531741,B,B,25,5648,1,30.0,2,4,B
16380,45,3.0,58.26614402254408,39.92691870888048,6.0,6,5.0,1961,0.014423114,B,B,19,3806,4,,0,3,B
11070,69,3.0,115.00822310564192,66.04560647734071,11.0,13,24.0,2010,0.000991363,B,B,33,6783,3,,1,9,B
6071,84,2.0,47.3913990667911,34.36565149423574,6.0,3,5.0,1962,0.149666373,B,B,22,4789,2,4087.0,4,1,B
1662,144,3.0,92.85091971636191,55.60323992787004,12.0,10,17.0,2004,0.306977489,B,B,27,5148,14,1575.0,5,7,B
2637,130,1.0,31.99949083273256,20.63123000299838,5.0,7,9.0,1968,0.21843974,B,B,21,4472,6,1450.0,4,7,A
4198,23,2.0,53.09235955387693,,10.0,5,3.0,2016,0.005767451,B,B,1,388,0,,0,0,B
3700,24,2.0,43.56846408535732,28.841088406304355,6.0,4,5.0,1959,0.111627393,B,B,50,12238,8,1970.0,2,3,B
11270,33,1.0,34.000645903387024,,0.0,15,14.0,1977,0.236108458,B,B,16,3893,27,,3,10,B
6853,6,2.0,59.23416136200848,,1.0,4,17.0,1977,0.243204519,B,B,5,1564,0,540.0,0,0,B
10761,52,2.0,95.9660725941068,48.57721418972074,15.0,25,25.0,2009,0.371148999,B,B,34,7065,1,750.0,2,5,B
4428,23,1.0,44.15105896699918,,0.0,14,25.0,1977,0.075778755,B,B,6,1437,3,,0,2,B
265,23,4.0,74.81722589043343,,0.0,2,0.0,1977,0.014072961,B,B,2,475,0,,0,0,B
272,41,3.0,50.55302531149618,35.496396539080266,6.0,3,9.0,1975,0.036122292,B,B,24,4378,0,1036.0,1,1,B
9874,27,1.0,31.667379113115143,32.284110256337144,1.0,1,14.0,2015,0.017647053,B,B,2,469,0,,0,0,B
13358,67,3.0,77.70572790087279,44.60335906039185,10.0,13,16.0,1979,0.0077202819999999,B,B,38,4788,2,,0,4,B
8822,1,2.0,70.16681298712443,,1.0,4,1.0,1977,0.007122317,B,B,1,264,0,,0,1,B
14496,30,2.0,63.17771031072106,,1.0,4,17.0,1977,7.81528e-05,B,B,22,6398,141,1046.0,3,23,B
15411,9,3.0,89.58248575401251,,1.0,5,1.0,1977,0.161531741,B,B,25,5648,1,30.0,2,4,B
1350,48,3.0,97.9307473968295,94.97939621861724,1.0,22,1.0,2017,0.041124634,B,B,46,9515,5,,1,10,B
6321,2,2.0,55.32762909591875,34.627817406454355,8.0,11,14.0,1996,0.309479124,B,B,35,7715,4,990.0,0,6,B
12094,23,3.0,104.359532100956,,1.0,5,25.0,1977,0.075778755,B,B,6,1437,3,,0,2,B
4816,89,2.0,58.69490814155216,37.92669749860402,7.0,4,8.0,1963,0.151346216,B,A,32,5889,10,830.0,4,1,B
16333,189,2.0,43.58408513923511,30.817063189231504,5.0,2,9.0,1969,7.81528e-05,B,B,22,6398,141,1046.0,3,23,B
13069,1,2.0,61.747207820492285,,0.0,5,17.0,1977,0.007122317,B,B,1,264,0,,0,1,B
9734,27,1.0,70.71696492104198,,1.0,2,4.0,1977,0.07542368,B,B,11,3097,0,,0,0,B
2475,84,2.0,60.16873064759545,35.8401773342888,7.0,4,5.0,1957,0.149666373,B,B,22,4789,2,4087.0,4,1,B
9308,53,1.0,35.51663856661769,22.000905813023948,6.0,5,9.0,1975,0.313924552,B,B,22,4625,11,3855.0,2,10,B
8226,1,3.0,78.95741488093566,46.03739023922866,10.0,5,17.0,1989,0.025609157,B,B,33,5261,0,240.0,3,1,B
9526,124,2.0,41.06949715578874,23.09141741190984,7.0,4,9.0,1965,0.122090347,B,B,29,6566,7,1894.0,4,0,B
11857,11,2.0,46.5892195156833,31.05090245938393,5.0,5,5.0,1968,0.0001696759999999,B,B,36,5992,0,,1,1,B
5807,2,1.0,40.20775609099764,19.719795060649968,8.0,16,16.0,1985,0.035145267,B,B,42,9292,3,2620.0,0,3,B
12472,8,2.0,46.14791480210744,27.697664849207897,6.0,5,5.0,1961,0.43788524,B,B,23,5735,3,1084.0,0,5,B
15847,94,2.0,44.59909606452491,32.946091039284184,5.0,5,5.0,1966,0.521867054,B,B,25,6149,0,,0,0,B
12065,7,2.0,62.036273018981525,36.65935827554236,10.0,14,22.0,2014,0.130617806,B,B,39,10418,9,900.0,1,9,B
3936,139,3.0,58.36714013349357,48.31652049300085,5.0,3,5.0,1962,0.122090347,B,B,29,6566,7,1894.0,4,0,B
8290,2,2.0,48.652370358639295,45.78068717602541,5.0,15,14.0,1971,0.309479124,B,B,35,7715,4,990.0,0,6,B
9258,62,3.0,87.18684394922536,86.65054388332146,1.0,9,21.0,2019,0.072157581,B,B,2,629,1,,0,0,A
16412,21,1.0,37.68122772866476,22.9679619722236,7.0,15,17.0,2007,0.034331497,B,B,25,5487,3,,0,4,B
1110,62,1.0,42.167966021879465,,1.0,9,17.0,1977,0.072157581,B,B,2,629,1,,0,0,A
8459,79,2.0,45.48991719824454,31.219056413742862,5.0,5,5.0,1968,0.307466659,B,A,30,5048,9,325.0,2,5,B
13974,12,3.0,66.64139378823815,48.280789695886405,6.0,9,9.0,1981,0.090799103,B,B,74,19083,2,,5,15,B
7197,27,3.0,79.55393747573873,,1.0,5,1.0,1977,0.072157581,B,B,2,629,1,,0,0,A
3172,27,3.0,59.43398388460759,58.951356011653225,1.0,7,25.0,2016,0.072157581,B,B,2,629,1,,0,0,A
11375,130,1.0,40.82858950829207,20.717105960720488,8.0,3,9.0,1964,0.341071945,B,B,27,5664,48,2300.0,3,11,B
7013,11,2.0,56.12671878656214,31.04623364882865,8.0,4,12.0,1977,0.0001696759999999,B,B,36,5992,0,,1,1,B
8441,90,2.0,49.23517791064016,32.86714121134105,5.0,5,5.0,1966,0.265088676,B,B,37,5288,0,1937.0,3,2,B
3572,1,1.0,44.1724783237925,41.90167971169421,6.0,20,20.0,2014,0.007122317,B,B,1,264,0,,0,1,B
12312,75,1.0,31.351814626237275,20.075221729220942,5.0,7,5.0,1966,0.307466659,B,A,30,5048,9,325.0,2,5,B
1001,95,1.0,42.53436120449696,18.47783009644361,10.0,5,16.0,1975,0.341071945,B,B,27,5664,48,2300.0,3,11,B
5169,23,1.0,48.9084624617809,24.033376497729712,10.0,6,9.0,2016,0.014072961,B,B,2,475,0,,0,0,B
16079,11,4.0,70.4699405505211,44.73090601596763,6.0,6,9.0,1970,0.0001696759999999,B,B,36,5992,0,,1,1,B
13230,74,2.0,84.50913807618316,83.6865702757032,1.0,12,24.0,1977,0.075778755,B,B,6,1437,3,,0,2,B
3582,189,2.0,46.97019264782048,32.35887142168718,5.0,6,5.0,1965,7.81528e-05,B,B,22,6398,141,1046.0,3,23,B
2838,7,1.0,21.588919172842587,14.604818404375203,3.0,9,9.0,1975,0.130617806,B,B,39,10418,9,900.0,1,9,B
1139,6,2.0,63.5173347059491,,1.0,25,25.0,2017,0.243204519,B,B,5,1564,0,540.0,0,0,B
16116,76,3.0,75.59234417009354,46.557785061464,10.0,7,16.0,1979,0.0,B,B,7,1660,39,1786.0,1,5,B
14466,84,3.0,78.53758483988389,50.51252981264494,7.0,2,5.0,1956,0.006076152,B,B,30,5285,0,645.0,6,6,B
1622,96,1.0,33.38985784625336,19.35590344114065,7.0,14,14.0,2006,0.041116354,B,B,53,14892,4,,1,4,B
5915,57,2.0,45.16810890183958,29.11165496192746,5.0,6,5.0,1966,0.133215333,B,B,49,11395,3,1406.0,3,4,A
13674,14,2.0,47.50625975196685,29.536417022432826,5.0,2,5.0,1961,0.042031587,B,B,37,6856,84,1940.0,2,5,B
10817,111,2.0,47.62290795330025,31.79754960766603,5.0,5,5.0,1969,0.135649789,B,B,46,7960,6,350.0,3,11,B
3885,74,2.0,78.96900311399234,,1.0,10,1.0,1977,0.075778755,B,B,6,1437,3,,0,2,B
1366,130,2.0,37.39921886227778,21.7849037057722,6.0,2,9.0,1968,0.21843974,B,B,21,4472,6,1450.0,4,7,A
6882,11,3.0,98.19600557042186,54.46078903581497,8.0,14,14.0,1999,0.0001696759999999,B,B,36,5992,0,,1,1,B
1720,44,2.0,43.21497110263211,27.39620527276605,5.0,3,5.0,1966,0.232205084,B,B,24,4860,1,80.0,0,3,B
2983,101,2.0,51.83097205965493,34.995993672030714,8.0,3,12.0,1968,0.225824954,A,B,41,6558,7,1548.0,3,2,B
635,34,1.0,33.74211915240898,33.33656548978688,1.0,16,1.0,2018,0.069753361,B,B,53,13670,4,,1,11,B
16296,53,2.0,62.66202403154612,36.26187434292907,10.0,19,24.0,2019,0.049637257,B,B,34,7759,0,229.0,1,3,B
6836,39,2.0,45.131281528169744,30.780550607450408,6.0,2,5.0,1965,0.428825818,B,B,25,5011,8,730.0,0,2,B
3685,48,2.0,81.9599702666736,83.0115100254765,11.0,21,25.0,2015,0.041124634,B,B,46,9515,5,,1,10,B
13828,34,3.0,89.48296972227655,10.692498911634534,10.0,11,17.0,1998,0.069753361,B,B,53,13670,4,,1,11,B
5265,49,3.0,56.60793912183414,35.71362801420688,6.0,5,5.0,1963,0.020741326,B,B,24,5613,5,1340.0,2,5,B
13119,1,2.0,45.77306981964009,32.88614155315477,5.0,6,5.0,1977,0.014580716,B,B,3,760,1,,0,0,B
3259,12,2.0,60.108027807383,36.82142367273558,10.0,7,16.0,1981,0.090799103,B,B,74,19083,2,,5,15,B
12116,88,3.0,89.5495587186537,,0.0,20,0.0,1977,0.127375905,B,B,43,8429,3,,3,9,B
4429,122,1.0,39.590558894329575,23.87013890280072,8.0,8,14.0,1997,0.033493708,B,B,66,10573,1,1322.0,3,8,B
3958,38,2.0,76.72522422455049,42.963186917821744,1.0,15,15.0,2016,0.060753049,B,B,15,2787,2,520.0,0,7,B
15545,61,2.0,47.83205533219419,32.78137628412203,6.0,5,9.0,1975,0.300322518,B,B,52,10311,6,,1,9,B
9076,60,3.0,61.40046418293478,38.59181330266875,8.0,5,5.0,1910,0.341071945,B,B,27,5664,48,2300.0,3,11,B
1611,86,3.0,59.90216083744568,40.87667933935274,5.0,7,9.0,1974,0.161975568,B,A,31,7010,5,4508.0,3,7,B
5219,90,3.0,60.50717158740928,42.660447467264994,5.0,5,5.0,1970,0.265088676,B,B,37,5288,0,1937.0,3,2,B
11054,19,3.0,76.95085454817605,46.00028331822436,10.0,7,17.0,1993,0.000991363,B,B,33,6783,3,,1,9,B
13707,1,1.0,42.44688260400803,19.846674850833782,7.0,2,17.0,2015,0.007122317,B,B,1,264,0,,0,1,B
10489,62,2.0,68.93625303746515,36.86627623778448,16.0,6,17.0,2012,0.072157581,B,B,2,629,1,,0,0,A
1741,27,1.0,38.56053711490645,18.79017342154096,9.0,3,12.0,2006,0.041116354,B,B,53,14892,4,,1,4,B
5083,46,3.0,61.4500959344176,46.41000518792711,6.0,8,9.0,1967,0.0,B,B,47,11319,0,1145.0,3,5,B
6760,38,1.0,46.12544858899494,,1.0,4,17.0,1977,0.060753049,B,B,15,2787,2,520.0,0,7,B
14024,198,2.0,47.47728056946219,31.06946596163971,5.0,2,5.0,1970,0.006076152,B,B,30,5285,0,645.0,6,6,B
3008,44,3.0,63.72514894182347,47.1521608196654,6.0,11,9.0,1969,0.036122292,B,B,24,4378,0,1036.0,1,1,B
174,7,2.0,43.02265758088557,30.415339558033327,5.0,4,5.0,1969,0.035145267,B,B,42,9292,3,2620.0,0,3,B
10750,23,2.0,55.26626092137996,,0.0,4,0.0,1977,0.005767451,B,B,1,388,0,,0,0,B
5873,52,2.0,52.76871775000173,,0.0,13,17.0,1977,0.371148999,B,B,34,7065,1,750.0,2,5,B
9137,128,2.0,62.5326515251098,34.40431478958896,13.0,13,17.0,2003,0.0,B,B,27,4798,0,30.0,2,8,B
2924,74,2.0,72.11875311629187,,1.0,5,17.0,1977,0.075778755,B,B,6,1437,3,,0,2,B
6671,145,2.0,52.92504420702615,30.100026879455616,8.0,2,17.0,1988,0.0,B,B,30,5562,0,,0,5,A
3282,93,1.0,39.73406818453108,21.235415990070805,8.0,5,14.0,1986,0.521867054,B,B,25,6149,0,,0,0,B
9129,109,1.0,32.36197651724863,20.59312290583476,5.0,6,5.0,1962,0.1363303,B,B,30,6141,10,262.0,3,6,B
2941,145,1.0,40.39869828413808,19.55940995445457,7.0,14,17.0,2003,0.246031548,B,A,22,3151,4,2715.0,3,3,B
7848,1,2.0,63.82016625789128,,0.0,3,22.0,1977,0.007122317,B,B,1,264,0,,0,1,B
6553,34,5.0,122.37527320536724,0.3334899423857579,0.0,9,0.0,1977,0.069753361,B,B,53,13670,4,,1,11,B
4642,148,1.0,36.77118745504711,19.947289420358807,7.0,2,12.0,1974,0.313924552,B,B,22,4625,11,3855.0,2,10,B
12267,101,2.0,60.11907253509817,33.29233519634215,11.0,10,12.0,2004,0.038692987,B,B,28,6533,1,1015.0,2,5,B
7468,21,1.0,40.58680780484851,25.849068898724934,6.0,5,9.0,1977,0.194489265,B,B,47,8004,3,125.0,3,5,B
8818,119,1.0,34.56475668536033,22.93553136551791,5.0,6,9.0,1967,0.000995363,B,B,42,7651,1,,1,5,B
4529,101,1.0,39.14986638842559,19.1894195685826,8.0,11,17.0,1988,0.225824954,A,B,41,6558,7,1548.0,3,2,B
16398,100,1.0,55.51694428600491,24.57291714145736,14.0,19,22.0,2012,0.200146802,B,B,23,3975,8,770.0,2,0,B
9519,62,3.0,81.91299694150432,75.87209437359333,11.0,3,6.0,2015,0.072157581,B,B,2,629,1,,0,0,A
6264,47,3.0,79.99332884871649,47.25110417091936,10.0,3,16.0,1980,0.101872465,B,B,23,4583,3,,3,3,B
10975,118,2.0,59.111711460305386,34.192309961403,8.0,8,10.0,1959,0.21843974,B,B,21,4472,6,1450.0,4,7,A
5708,45,2.0,61.91108021112278,59.83682623173718,10.0,14,24.0,2017,0.195781053,B,B,23,5212,6,,3,2,B
10555,76,2.0,56.889618849320975,33.207699492935255,9.0,4,16.0,1975,0.0,B,B,7,1660,39,1786.0,1,5,B
15866,46,1.0,34.7432296557302,20.29109188084279,6.0,4,9.0,1971,0.188783766,B,B,31,6137,4,,0,1,B
8027,161,2.0,48.93798691188408,33.08257725916332,5.0,10,9.0,1965,0.014423114,B,B,19,3806,4,,0,3,B
6339,8,1.0,42.72502375162371,20.4397494705691,7.0,2,14.0,2010,0.43788524,B,B,23,5735,3,1084.0,0,5,B
14668,62,1.0,45.00112917979175,20.165970031652595,11.0,11,15.0,2018,0.072157581,B,B,2,629,1,,0,0,A
16128,6,2.0,66.10673299369402,,0.0,10,17.0,1977,0.243204519,B,B,5,1564,0,540.0,0,0,B
15543,3,1.0,33.0855116137428,22.161536466656138,6.0,4,9.0,1976,0.265088676,B,B,37,5288,0,1937.0,3,2,B
5341,37,3.0,60.95800242188577,44.14165802589019,6.0,5,9.0,1973,0.127811589,B,B,28,7287,5,320.0,1,3,B
5898,57,3.0,62.30081952089093,48.60292273532716,5.0,2,9.0,1975,0.133215333,B,B,49,11395,3,1406.0,3,4,A
13691,27,1.0,38.990808662488135,36.85458567665953,1.0,4,15.0,2014,0.011654127,B,B,4,915,0,,0,0,B
3889,8,1.0,36.970564574881394,22.35768158499832,6.0,6,12.0,1980,0.219006007,B,B,28,6746,3,,1,4,B
7602,1,2.0,65.7304188727696,,1.0,12,17.0,1977,0.007122317,B,B,1,264,0,,0,1,B
3070,120,2.0,47.572468440636776,31.10919395422356,5.0,4,5.0,1963,0.341071945,B,B,27,5664,48,2300.0,3,11,B
4062,167,1.0,45.87005337104834,21.962620045702263,12.0,10,12.0,1978,0.050272014,B,B,21,4231,14,1020.0,0,3,B
8467,8,3.0,74.48213386679768,45.64719995357787,9.0,16,17.0,1986,0.092290642,B,B,21,4346,2,165.0,1,2,B
10988,67,1.0,32.90998121937015,18.307198788505318,7.0,10,12.0,1978,0.100455735,B,B,43,7227,0,,1,6,A
4910,84,3.0,68.64459217986337,47.87009863323779,7.0,6,16.0,1980,0.149666373,B,B,22,4789,2,4087.0,4,1,B
641,53,1.0,41.87634979586915,,1.0,7,22.0,1977,0.049637257,B,B,34,7759,0,229.0,1,3,B
2464,88,3.0,87.87171565707352,,1.0,12,1.0,1977,0.127375905,B,B,43,8429,3,,3,9,B
965,134,3.0,85.27412317511467,63.04105471130889,7.0,11,10.0,1974,0.049863387,B,B,18,3746,9,75.0,3,1,B
4592,130,1.0,45.88152749047446,24.705288298729805,8.0,1,8.0,1959,0.341071945,B,B,27,5664,48,2300.0,3,11,B
5935,119,1.0,40.474493596525015,19.95855187800395,7.0,5,17.0,2004,0.033493708,B,B,66,10573,1,1322.0,3,8,B
1908,6,2.0,64.88350677448993,,1.0,3,17.0,1977,0.243204519,B,B,5,1564,0,540.0,0,0,B
13628,44,2.0,46.64393867521876,29.78020411928357,5.0,7,5.0,1969,0.122190486,B,B,25,4724,2,1308.0,1,3,B
7343,27,2.0,68.17862676284905,,10.0,19,22.0,1977,0.211401214,B,B,9,1892,0,,0,1,B
13409,81,4.0,82.06977462328071,50.27325182420352,7.0,6,5.0,1960,0.319809354,B,B,25,4756,16,2857.0,5,8,B
1895,46,3.0,76.75298904246684,47.82367406761829,10.0,9,17.0,1985,0.188783766,B,B,31,6137,4,,0,1,B
12097,48,2.0,80.78894881638095,40.47310398311317,18.0,7,28.0,2012,0.041124634,B,B,46,9515,5,,1,10,B
7526,172,1.0,42.845652953662594,24.67379082861334,9.0,13,15.0,1972,0.0,B,B,7,1660,39,1786.0,1,5,B
1054,42,4.0,96.82315118483191,64.06519789804841,11.0,5,12.0,2006,0.158249043,B,B,21,5731,0,,1,0,B
4135,0,1.0,45.22800442970697,19.179354008969163,10.0,19,17.0,2009,0.006076152,B,B,30,5285,0,645.0,6,6,B
3107,11,2.0,46.342950599711706,28.86379978594401,5.0,12,12.0,1975,0.225824954,A,B,41,6558,7,1548.0,3,2,B
10301,1,2.0,66.45040263724187,69.49521074245463,0.0,4,24.0,1977,0.007122317,B,B,1,264,0,,0,1,B
14415,7,2.0,41.093070598938105,29.720989477802032,5.0,4,5.0,1967,0.130617806,B,B,39,10418,9,900.0,1,9,B
12070,101,2.0,41.94979547771488,23.226372958286497,6.0,5,12.0,1972,0.225824954,A,B,41,6558,7,1548.0,3,2,B
10286,1,1.0,38.057566250785925,,0.0,3,17.0,1977,0.007122317,B,B,1,264,0,,0,1,B
11183,81,3.0,85.3987344459201,59.10755696645896,9.0,5,8.0,1960,0.319809354,B,B,25,4756,16,2857.0,5,8,B
15032,45,3.0,80.18781546972569,74.9166737320544,0.0,25,25.0,2017,0.195781053,B,B,23,5212,6,,3,2,B
1481,23,1.0,31.167933345181524,30.527056422874946,0.0,11,9.0,2015,0.034656082,B,B,0,168,0,,0,0,B
1892,79,2.0,42.22621889606082,29.461627655341605,5.0,5,5.0,1967,0.307466659,B,A,30,5048,9,325.0,2,5,B
15957,28,3.0,85.20469264036402,48.96696835358336,10.0,14,23.0,2007,0.333891544,B,B,30,6564,1,,0,0,B
16714,26,2.0,43.11754844033464,26.752308997006512,5.0,5,5.0,1967,0.0,B,B,36,6714,2,2672.0,0,2,B
2264,100,1.0,65.67250886585836,63.19721162004882,1.0,16,16.0,2017,0.200146802,B,B,23,3975,8,770.0,2,0,B
7312,95,1.0,33.39500300805287,23.587507070887277,5.0,8,9.0,1968,0.0,B,B,7,1660,39,1786.0,1,5,B
7231,21,1.0,41.99692388230889,25.503178262736693,8.0,8,12.0,1978,0.194489265,B,B,47,8004,3,125.0,3,5,B
16795,3,2.0,42.36696712761096,30.42937703866629,5.0,4,5.0,1968,0.265088676,B,B,37,5288,0,1937.0,3,2,B
7585,66,3.0,77.38458950785724,47.04196612899492,10.0,16,16.0,1991,0.111627393,B,B,50,12238,8,1970.0,2,3,B
6176,27,2.0,42.37748780927234,41.74829124021842,1.0,14,17.0,2014,0.072157581,B,B,2,629,1,,0,0,A
7873,17,3.0,58.059879496226,38.13618840489788,5.0,2,5.0,1961,0.0,B,B,18,3374,5,620.0,1,2,B
5962,62,2.0,45.94496610488071,31.70647758127355,5.0,3,5.0,1965,0.072157581,B,B,2,629,1,,0,0,A
5214,27,1.0,37.55519665650439,,1.0,5,1.0,1977,0.211401214,B,B,9,1892,0,,0,1,B
14307,8,2.0,55.4935507621877,31.86332870069069,9.0,16,14.0,2005,0.458174486,B,A,26,4439,1,1130.0,1,5,B
5669,67,2.0,48.177732028495406,29.18953073356276,6.0,8,9.0,1975,0.100455735,B,B,43,7227,0,,1,6,A
13462,55,3.0,61.07003979974992,44.83078021432773,6.0,10,9.0,1972,0.012338886,B,B,35,5776,1,2078.0,2,4,B
6246,26,2.0,48.01692214823677,44.85408662627032,5.0,1,5.0,1965,0.0,B,B,36,6714,2,2672.0,0,2,B
9297,148,2.0,61.87886298833217,35.836544214024634,10.0,4,17.0,1986,0.313924552,B,B,22,4625,11,3855.0,2,10,B
11746,66,2.0,42.30313816263457,27.327735130197315,5.0,4,5.0,1962,0.161975568,B,A,31,7010,5,4508.0,3,7,B
10859,87,1.0,41.357161586881936,18.878705236351934,8.0,8,17.0,1986,0.100455735,B,B,43,7227,0,,1,6,A
15567,87,2.0,53.063084301863526,31.784614163021487,8.0,5,12.0,1980,0.100455735,B,B,43,7227,0,,1,6,A
4222,55,2.0,57.33727924597143,36.6787410818435,9.0,16,17.0,1998,0.041365446,B,B,31,5569,0,,1,4,B
903,15,2.0,64.71893532395197,32.09149416776168,2.0,6,14.0,2009,0.158249043,B,B,21,5731,0,,1,0,B
7494,1,2.0,65.32888196876655,,10.0,3,17.0,2015,0.007122317,B,B,1,264,0,,0,1,B
11877,1,2.0,65.5039899716635,,1.0,5,17.0,1977,0.007122317,B,B,1,264,0,,0,1,B
7963,92,2.0,43.92684380099568,22.93781345635486,7.0,6,12.0,1967,0.460556389,B,B,20,4386,14,,1,5,B
7363,30,3.0,85.74101988131868,84.95760601322195,10.0,16,18.0,2017,7.81528e-05,B,B,22,6398,141,1046.0,3,23,B
13675,78,1.0,43.77742840416781,22.09011874659169,10.0,19,22.0,2006,0.219006007,B,B,28,6746,3,,1,4,B
2641,30,2.0,68.68285775864122,,1.0,12,12.0,2016,7.81528e-05,B,B,22,6398,141,1046.0,3,23,B
2825,8,2.0,62.64316081071747,33.442774413492735,10.0,13,22.0,2005,0.43788524,B,B,23,5735,3,1084.0,0,5,B
1630,62,2.0,77.78996065431599,80.93539748360244,10.0,12,17.0,2015,0.072157581,B,B,2,629,1,,0,0,A
1510,88,3.0,62.36754608180144,45.03172269790953,5.0,9,9.0,1974,0.127375905,B,B,43,8429,3,,3,9,B
4079,75,2.0,45.14419572295914,25.81955323502757,5.0,5,5.0,1962,0.307466659,B,A,30,5048,9,325.0,2,5,B
4567,44,1.0,36.8476300590569,19.094182475639247,5.0,5,9.0,1970,0.036122292,B,B,24,4378,0,1036.0,1,1,B
11908,101,2.0,42.884858508302095,24.81938440195423,7.0,10,12.0,1966,0.225824954,A,B,41,6558,7,1548.0,3,2,B
15857,1,3.0,85.30647924931667,,0.0,18,0.0,1977,0.007122317,B,B,1,264,0,,0,1,B
113,27,2.0,65.54824943870808,35.07127777627526,0.0,17,0.0,1977,0.017647053,B,B,2,469,0,,0,0,B
11380,1,2.0,72.41652586657902,74.90460254971666,1.0,8,8.0,2016,0.007122317,B,B,1,264,0,,0,1,B
8792,23,3.0,106.7295812787054,,1.0,26,9.0,1977,0.075778755,B,B,6,1437,3,,0,2,B
946,18,1.0,44.76991680609955,23.175812118735,8.0,15,14.0,1988,0.0,B,B,30,5562,0,,0,5,A
3476,147,1.0,40.19293671227915,22.433394767407407,9.0,12,12.0,1972,0.319809354,B,B,25,4756,16,2857.0,5,8,B
7330,27,3.0,80.88644153468981,,1.0,3,17.0,1977,0.017647053,B,B,2,469,0,,0,0,B
5377,6,3.0,79.78620443302081,48.667722484615815,12.0,3,17.0,1982,0.243204519,B,B,5,1564,0,540.0,0,0,B
13845,27,1.0,42.56705826555818,,1.0,17,25.0,1977,0.072157581,B,B,2,629,1,,0,0,A
2127,85,2.0,69.12203317157766,5.212356307279322,1.0,10,17.0,1977,0.072157581,B,B,2,629,1,,0,0,A
4819,31,3.0,61.22696118742204,49.0405886972996,5.0,4,5.0,1960,0.151346216,B,A,32,5889,10,830.0,4,1,B
14918,29,2.0,84.79723573319764,40.222558950179966,11.0,26,30.0,2014,0.069660344,B,B,31,6119,4,,1,2,B
13733,58,2.0,51.55587134432648,32.09611426304366,6.0,3,9.0,1970,0.1489038909999999,B,B,9,1952,1,1430.0,3,2,B
3384,11,3.0,71.99063947254541,68.54914184365518,0.0,2,4.0,1977,0.012338886,B,B,35,5776,1,2078.0,2,4,B
9803,113,2.0,87.50464148544675,50.23301032382071,13.0,5,16.0,2004,0.050755569,B,B,24,5469,1,145.0,0,1,B
3877,21,1.0,40.65928909063948,21.72145894501467,8.0,9,14.0,1992,0.194489265,B,B,47,8004,3,125.0,3,5,B
13573,61,1.0,46.06281490710816,22.926040179586423,8.0,12,12.0,1980,0.300322518,B,B,52,10311,6,,1,9,B
5691,28,2.0,45.5023293731774,30.8852471682987,5.0,5,5.0,1968,0.118537385,B,B,30,6207,1,1183.0,1,0,B
512,1,2.0,65.8289967593814,,0.0,15,17.0,1977,0.007122317,B,B,1,264,0,,0,1,B
15264,53,2.0,44.222793432780215,29.153547074364543,5.0,1,9.0,1976,0.313924552,B,B,22,4625,11,3855.0,2,10,B
1380,53,1.0,38.00762421672708,19.42118259536973,9.0,10,12.0,1971,0.049637257,B,B,34,7759,0,229.0,1,3,B
8432,52,2.0,65.43531192048978,66.84014043162317,1.0,13,17.0,1977,0.371148999,B,B,34,7065,1,750.0,2,5,B
2896,23,2.0,53.23632360129342,,8.0,6,17.0,1977,0.034656082,B,B,0,168,0,,0,0,B
2573,27,2.0,66.33182664515653,,1.0,10,17.0,1977,0.017647053,B,B,2,469,0,,0,0,B
7661,32,3.0,95.96722040118588,57.25235361436472,11.0,14,17.0,2003,0.135649789,B,B,46,7960,6,350.0,3,11,B
12889,119,2.0,48.76420642868803,29.119185659944787,5.0,6,5.0,1964,0.000995363,B,B,42,7651,1,,1,5,B
6560,9,3.0,79.08401924235541,1.298378838602511,1.0,4,1.0,1977,0.161531741,B,B,25,5648,1,30.0,2,4,B
16166,31,2.0,88.18601207698258,54.253581569612805,16.0,31,40.0,2012,0.151346216,B,A,32,5889,10,830.0,4,1,B
8041,76,1.0,39.70596909266,19.4053337052889,9.0,8,12.0,1970,0.0,B,B,7,1660,39,1786.0,1,5,B
4118,1,1.0,44.24239609169,,1.0,2,22.0,1977,0.007122317,B,B,1,264,0,,0,1,B
15896,9,1.0,41.86281062255679,26.74419716013925,8.0,4,14.0,1995,0.161531741,B,B,25,5648,1,30.0,2,4,B
13601,6,1.0,42.098529972577865,5.948005138598387,1.0,18,17.0,1977,0.243204519,B,B,5,1564,0,540.0,0,0,B
11350,32,1.0,37.362347202556855,15.591407964282716,13.0,19,25.0,2015,0.135649789,B,B,46,7960,6,350.0,3,11,B
4695,1,1.0,40.19847184508317,21.807061075159822,10.0,12,17.0,2017,0.007122317,B,B,1,264,0,,0,1,B
16537,2,3.0,47.97305570752284,28.52566955656111,5.0,5,5.0,1960,0.0,B,B,33,7425,1,,2,5,B
3177,6,2.0,61.79747415948782,,12.0,9,17.0,1977,0.243204519,B,B,5,1564,0,540.0,0,0,B
5886,1,3.0,76.2733986587787,49.6775062995469,10.0,11,17.0,1989,0.025609157,B,B,33,5261,0,240.0,3,1,B
7591,170,3.0,61.37492724098669,45.189792194634784,6.0,4,9.0,1964,0.21843974,B,B,21,4472,6,1450.0,4,7,A
2807,27,3.0,100.86724999121516,53.117269461260776,12.0,9,14.0,2011,0.041116354,B,B,53,14892,4,,1,4,B
13572,30,2.0,63.73875024628544,49.44228838387225,10.0,3,15.0,2014,7.81528e-05,B,B,22,6398,141,1046.0,3,23,B
9415,74,1.0,47.65535875687625,,1.0,3,1.0,1977,0.075778755,B,B,6,1437,3,,0,2,B
14026,71,2.0,63.947172783384296,33.73634456693656,10.0,12,22.0,1985,0.407276235,A,B,9,1768,0,370.0,0,0,A
134,12,2.0,55.40477695488126,30.48129671169313,8.0,15,14.0,1991,0.090799103,B,B,74,19083,2,,5,15,B
3325,27,2.0,63.30607472090525,,1.0,14,1.0,1977,0.011654127,B,B,4,915,0,,0,0,B
7435,91,2.0,48.3412217503949,31.381614356323148,6.0,7,9.0,1974,0.333891544,B,B,30,6564,1,,0,0,B
13336,125,2.0,46.43500506809298,29.11849079175792,6.0,7,9.0,1972,0.194489265,B,B,47,8004,3,125.0,3,5,B
1464,27,1.0,44.857082527189895,20.844764078263527,12.0,8,1.0,1977,0.017647053,B,B,2,469,0,,0,0,B
3818,31,3.0,59.58720151423554,40.477183928397714,5.0,4,5.0,1963,0.151346216,B,A,32,5889,10,830.0,4,1,B
4048,26,1.0,83.78632923735773,36.61505212250033,14.0,16,30.0,2011,0.0,B,B,36,6714,2,2672.0,0,2,B
16220,82,3.0,70.98756330278698,49.74822152548919,7.0,13,16.0,1986,0.037316452,B,B,32,6748,93,562.0,4,10,B
9907,58,2.0,62.67231158989245,61.55892486597909,0.0,8,12.0,1977,0.43788524,B,B,23,5735,3,1084.0,0,5,B
5551,30,3.0,86.69855297322044,88.58914961144241,1.0,9,12.0,2014,7.81528e-05,B,B,22,6398,141,1046.0,3,23,B
1588,34,3.0,83.39982784722473,45.49308652179234,9.0,4,22.0,1996,0.069753361,B,B,53,13670,4,,1,11,B
4176,0,2.0,42.96746158847596,29.40784130754601,5.0,5,5.0,1962,0.319809354,B,B,25,4756,16,2857.0,5,8,B
15321,63,1.0,59.18363185293994,55.38315887944349,1.0,19,17.0,2019,0.23861713,B,B,26,3889,6,705.0,3,6,B
15397,7,4.0,90.87987851545547,56.65565568725043,11.0,4,14.0,1999,0.035145267,B,B,42,9292,3,2620.0,0,3,B
6904,13,1.0,39.74831423808261,22.805144034701737,8.0,8,17.0,1997,0.090799103,B,B,74,19083,2,,5,15,B
8948,18,1.0,42.21703842293511,21.758671751237827,8.0,2,17.0,1996,0.0,B,B,30,5562,0,,0,5,A
15220,9,1.0,37.84917234145844,23.68249144638565,7.0,5,17.0,1997,0.161531741,B,B,25,5648,1,30.0,2,4,B
12603,27,3.0,87.11106179723497,52.263326325483405,17.0,2,3.0,2014,0.011654127,B,B,4,915,0,,0,0,B
436,96,1.0,39.82889019656105,24.11813461581805,8.0,6,12.0,2000,0.041116354,B,B,53,14892,4,,1,4,B
3420,9,1.0,38.39566517656586,17.33154273240228,8.0,11,14.0,2010,0.31019913,B,B,11,2748,1,,0,0,B
9278,61,2.0,51.12827687319889,34.33956345273305,6.0,9,12.0,1975,0.300322518,B,B,52,10311,6,,1,9,B
6946,85,2.0,46.06167887246925,30.61073204554912,6.0,3,9.0,1976,0.037177818,B,B,52,11217,1,2300.0,1,7,B
11518,23,2.0,64.39343125239743,,1.0,6,17.0,1977,0.075778755,B,B,6,1437,3,,0,2,B
6524,30,2.0,67.6926820649881,67.67809797936907,1.0,10,17.0,1977,7.81528e-05,B,B,22,6398,141,1046.0,3,23,B
14669,75,1.0,28.76735283810825,16.443666056432008,5.0,4,9.0,1979,0.307466659,B,A,30,5048,9,325.0,2,5,B
4539,145,1.0,38.00717563385674,20.636444224450376,8.0,15,17.0,1977,0.0,B,B,30,5562,0,,0,5,A
11373,6,3.0,81.86683460288094,,1.0,6,17.0,1977,0.243204519,B,B,5,1564,0,540.0,0,0,B
6378,40,1.0,34.98324467468941,18.521909849821512,5.0,3,5.0,1966,0.210473241,B,B,11,2398,2,1994.0,3,0,B
3303,74,2.0,80.52475085302316,,0.0,5,0.0,1977,0.309479124,B,B,35,7715,4,990.0,0,6,B
4600,145,2.0,61.93324195395563,36.95878055129681,10.0,16,17.0,1989,0.0,B,B,30,5562,0,,0,5,A
12994,113,2.0,47.73561210782361,30.655237789026103,5.0,5,5.0,1967,0.307466659,B,A,30,5048,9,325.0,2,5,B
8494,21,3.0,35.585009560446366,34.67403727886364,6.0,8,9.0,1975,0.194489265,B,B,47,8004,3,125.0,3,5,B
10571,5,2.0,54.96951500459082,,1.0,24,1.0,1977,0.150817539,B,B,16,3433,4,2643.0,4,5,B
5659,46,2.0,44.43676357946644,45.86483638211371,1.0,2,9.0,1973,0.0,B,B,47,11319,0,1145.0,3,5,B
8254,29,2.0,45.69373945180306,27.468975008406204,5.0,5,5.0,1964,0.086885265,B,B,10,2277,2,1547.0,0,0,B
7475,23,2.0,54.66495853159483,,1.0,5,12.0,1977,0.034656082,B,B,0,168,0,,0,0,B
1793,118,1.0,34.90591408820963,18.5337677925834,5.0,3,8.0,1961,0.341071945,B,B,27,5664,48,2300.0,3,11,B
4994,38,3.0,87.3583065374067,48.261594951011325,11.0,15,16.0,2002,0.060753049,B,B,15,2787,2,520.0,0,7,B
8796,27,1.0,46.26376003365632,,1.0,11,1.0,1977,0.072157581,B,B,2,629,1,,0,0,A
12117,57,3.0,59.76009197453868,40.077613335094775,5.0,9,9.0,1970,0.133215333,B,B,49,11395,3,1406.0,3,4,A
12953,170,3.0,82.43411452510243,53.30585522413501,8.0,14,14.0,1975,0.21843974,B,B,21,4472,6,1450.0,4,7,A
15243,53,2.0,56.8729254389097,,0.0,20,0.0,1977,0.049637257,B,B,34,7759,0,229.0,1,3,B
15079,23,2.0,62.523478355446,,1.0,15,17.0,1977,0.075778755,B,B,6,1437,3,,0,2,B
5281,34,4.0,98.49159665953,89.91552400757601,1.0,8,9.0,2015,0.069753361,B,B,53,13670,4,,1,11,B
9167,96,2.0,51.58299683059343,35.96392074686476,8.0,6,10.0,1994,0.041116354,B,B,53,14892,4,,1,4,B
2874,99,2.0,46.4731215661529,30.653943617807112,5.0,4,5.0,1969,0.033493708,B,B,66,10573,1,1322.0,3,8,B
3616,58,2.0,64.87918150522493,,1.0,4,3.0,1977,0.43788524,B,B,23,5735,3,1084.0,0,5,B
10436,80,2.0,46.92797246772996,27.85895593593848,6.0,3,9.0,1976,0.0,B,B,39,8647,0,810.0,0,5,B
11031,122,3.0,72.40171822425404,46.63353213706645,10.0,5,14.0,1995,0.033493708,B,B,66,10573,1,1322.0,3,8,B
10272,9,3.0,77.67927907920622,45.32494510197428,10.0,3,14.0,1992,0.161531741,B,B,25,5648,1,30.0,2,4,B
12271,6,2.0,62.06888463798274,,1.0,6,17.0,1977,0.243204519,B,B,5,1564,0,540.0,0,0,B
4976,52,2.0,45.87749808411965,30.578283348672443,5.0,9,9.0,1982,0.371148999,B,B,34,7065,1,750.0,2,5,B
6052,62,1.0,53.75248825796945,,1.0,6,4.0,2014,0.072157581,B,B,2,629,1,,0,0,A
8995,28,2.0,55.98941167215157,29.41056658606215,11.0,2,16.0,1990,0.118537385,B,B,30,6207,1,1183.0,1,0,B
2886,12,2.0,55.63101702848916,33.13934348673409,8.0,13,14.0,1987,0.090799103,B,B,74,19083,2,,5,15,B
6779,98,2.0,54.971508534788846,30.93432712537425,11.0,13,16.0,1978,0.195781053,B,B,23,5212,6,,3,2,B
13454,11,2.0,44.48795120333836,31.2494790843348,5.0,3,5.0,1964,0.038692987,B,B,28,6533,1,1015.0,2,5,B
1959,10,2.0,48.4488353492819,33.44543016743453,6.0,4,9.0,1969,0.089039719,B,B,33,7976,5,,0,11,B
13900,169,1.0,48.53024790518637,,0.0,8,0.0,1977,0.178916796,B,B,18,3594,4,192.0,1,5,B
12409,19,3.0,81.95835167141978,48.94254118943232,10.0,18,17.0,1996,0.000991363,B,B,33,6783,3,,1,9,B
14381,91,2.0,52.24550037389147,31.479656790823302,10.0,14,12.0,1977,0.033493708,B,B,66,10573,1,1322.0,3,8,B
10222,55,2.0,56.35612102337564,32.72022154882839,8.0,11,14.0,1991,0.041365446,B,B,31,5569,0,,1,4,B
52,1,3.0,108.65261535151316,1.6944692117030344,1.0,10,17.0,1977,0.007122317,B,B,1,264,0,,0,1,B
3102,30,1.0,42.0768609016484,,1.0,7,1.0,1977,7.81528e-05,B,B,22,6398,141,1046.0,3,23,B
3341,62,3.0,112.11401886382689,112.24784145945088,112.0,3,3.0,2017,0.072157581,B,B,2,629,1,,0,0,A
11228,6,1.0,79.09204793622216,5.7986639628099725,1.0,3,1.0,1977,0.243204519,B,B,5,1564,0,540.0,0,0,B
11061,101,2.0,44.14614138151646,29.205543660786184,5.0,5,5.0,1967,0.225824954,A,B,41,6558,7,1548.0,3,2,B
2193,20,3.0,78.31526555154767,45.30293560620768,8.0,5,17.0,1994,0.019508796,B,B,37,7687,11,176.0,5,5,B
7769,124,4.0,189.6795763834105,114.7086732256983,4.0,19,40.0,2013,0.174739084,B,B,17,3379,9,100.0,0,3,B
264,30,3.0,79.92059187187422,,1.0,13,17.0,1977,7.81528e-05,B,B,22,6398,141,1046.0,3,23,B
14106,6,2.0,67.93371378171004,,12.0,11,17.0,1977,0.243204519,B,B,5,1564,0,540.0,0,0,B
3642,57,2.0,47.93619512775221,29.93650752089387,6.0,8,9.0,1974,0.133215333,B,B,49,11395,3,1406.0,3,4,A
10387,1,2.0,65.12320444149329,,1.0,9,17.0,1977,0.007122317,B,B,1,264,0,,0,1,B
3359,124,1.0,44.65574403758029,23.60153149878052,8.0,11,14.0,1987,0.122090347,B,B,29,6566,7,1894.0,4,0,B
3531,3,1.0,38.052598703234246,22.84464460709457,9.0,5,14.0,1975,0.050900058,B,B,43,10621,1,30.0,2,3,B
6252,53,1.0,42.35108108277896,22.67280698966259,8.0,1,12.0,1982,0.049637257,B,B,34,7759,0,229.0,1,3,B
4867,1,2.0,71.41014035028934,38.440216238470136,9.0,9,25.0,2016,0.007122317,B,B,1,264,0,,0,1,B
5779,23,1.0,31.841014398825717,30.939042271209964,1.0,5,4.0,1977,0.034656082,B,B,0,168,0,,0,0,B
5806,8,1.0,36.56453984475184,21.16888468040269,9.0,16,16.0,1983,0.219006007,B,B,28,6746,3,,1,4,B
11110,6,2.0,68.78647693082121,,0.0,4,17.0,1977,0.243204519,B,B,5,1564,0,540.0,0,0,B
16231,6,1.0,48.659432278157865,,1.0,14,25.0,1977,0.243204519,B,B,5,1564,0,540.0,0,0,B
3382,3,2.0,47.193251589009726,28.03635554949861,6.0,5,5.0,1968,0.050900058,B,B,43,10621,1,30.0,2,3,B
8532,99,2.0,52.15652933727925,30.095966385142685,8.0,18,17.0,2000,0.012338886,B,B,35,5776,1,2078.0,2,4,B
9533,96,1.0,40.780641483400494,21.004111138878027,10.0,5,12.0,2006,0.041116354,B,B,53,14892,4,,1,4,B
12977,88,3.0,63.74393478952564,44.016104890185424,6.0,2,12.0,1975,0.127375905,B,B,43,8429,3,,3,9,B
5000,32,3.0,64.73155658554478,45.63450312879765,7.0,3,9.0,1972,0.135649789,B,B,46,7960,6,350.0,3,11,B
6621,70,2.0,46.814579160441134,30.380735232537,5.0,5,9.0,1977,0.002211665,B,B,39,7614,3,,1,5,A
7927,31,2.0,73.79121963511314,39.009449301848825,13.0,5,18.0,2015,0.151346216,B,A,32,5889,10,830.0,4,1,B
7664,6,2.0,61.38585485200062,61.57963442092511,1.0,11,17.0,2016,0.243204519,B,B,5,1564,0,540.0,0,0,B
15147,6,2.0,63.367317200458295,40.99588011533297,10.0,4,17.0,2018,0.243204519,B,B,5,1564,0,540.0,0,0,B
9973,179,1.0,33.076742495306426,22.671871065771523,5.0,4,5.0,1963,0.319809354,B,B,25,4756,16,2857.0,5,8,B
8880,18,2.0,59.33802441703175,36.676428118209095,10.0,6,17.0,1996,0.0,B,B,30,5562,0,,0,5,A
10617,6,2.0,65.7063870935295,,1.0,14,1.0,2014,0.243204519,B,B,5,1564,0,540.0,0,0,B
3535,8,2.0,46.3381131114506,31.108219615275072,5.0,5,5.0,1966,0.458174486,B,A,26,4439,1,1130.0,1,5,B
14196,113,3.0,138.4092130323767,,1.0,19,18.0,2016,0.050755569,B,B,24,5469,1,145.0,0,1,B
3648,8,1.0,41.92266325735349,40.14466501165563,8.0,7,17.0,1991,0.43788524,B,B,23,5735,3,1084.0,0,5,B
4620,121,2.0,44.1058591687604,28.474609055991596,5.0,4,5.0,1962,0.049863387,B,B,18,3746,9,75.0,3,1,B
6380,41,2.0,56.912521103056726,29.876154184933053,8.0,5,12.0,1983,0.127811589,B,B,28,7287,5,320.0,1,3,B
7671,7,3.0,78.69352057693797,47.47112491154103,10.0,9,17.0,2004,0.130617806,B,B,39,10418,9,900.0,1,9,B
16615,56,2.0,60.81543935785486,34.97551812590359,10.0,14,17.0,1987,0.0,B,B,23,5067,4,,2,6,B
6175,54,1.0,56.74966456352562,41.93418133115168,10.0,14,17.0,2016,0.006076152,B,B,30,5285,0,645.0,6,6,B
6683,9,3.0,87.91666659104847,,1.0,5,1.0,1977,0.161531741,B,B,25,5648,1,30.0,2,4,B
1476,12,1.0,41.83742401125364,21.046614333888645,8.0,14,16.0,1981,0.090799103,B,B,74,19083,2,,5,15,B
3843,20,2.0,38.476694797277176,23.750168536329163,6.0,12,12.0,1966,0.019508796,B,B,37,7687,11,176.0,5,5,B
1602,155,1.0,44.138583292663135,20.289670724167248,9.0,5,6.0,1930,0.042307271,B,B,17,2810,9,4849.0,3,6,B
14649,22,1.0,37.61490240301016,21.109430798797284,7.0,8,17.0,1988,0.133215333,B,B,49,11395,3,1406.0,3,4,A
9236,1,2.0,62.063715062405,65.54714336696316,0.0,12,17.0,1977,0.007122317,B,B,1,264,0,,0,1,B
15226,87,1.0,36.23750837439579,22.74873653608414,6.0,7,9.0,1982,0.100455735,B,B,43,7227,0,,1,6,A
10424,60,2.0,41.89232137317754,28.715831824100107,5.0,10,8.0,1960,0.21843974,B,B,21,4472,6,1450.0,4,7,A
725,58,2.0,49.8826433899298,33.43278170333575,6.0,6,14.0,1972,0.31019913,B,B,11,2748,1,,0,0,B
3113,80,1.0,36.452012579147,20.662026559113084,6.0,8,12.0,1975,0.0077202819999999,B,B,38,4788,2,,0,4,B
14986,1,2.0,70.84260158478723,,1.0,6,17.0,1977,0.007122317,B,B,1,264,0,,0,1,B
13193,12,2.0,53.312228326758095,33.794068031118044,8.0,3,14.0,1993,0.090799103,B,B,74,19083,2,,5,15,B
9018,152,4.0,87.9697387567372,63.39276949224817,7.0,2,5.0,1933,0.042031587,B,B,37,6856,84,1940.0,2,5,B
675,64,2.0,47.039400921266136,30.17224410885496,6.0,3,9.0,1975,0.002211665,B,B,39,7614,3,,1,5,A
4097,134,1.0,34.79956645506512,20.231580743695947,8.0,8,1.0,2019,0.212515361,B,B,19,3293,16,628.0,3,7,B
9535,1,1.0,48.46091242243136,,0.0,13,0.0,1977,0.007122317,B,B,1,264,0,,0,1,B
821,46,2.0,47.57343923240528,30.57739952226616,6.0,9,9.0,1971,0.0,B,B,47,11319,0,1145.0,3,5,B
7039,96,3.0,77.61501016978387,45.03516624063794,10.0,8,14.0,1995,0.041116354,B,B,53,14892,4,,1,4,B
16365,178,2.0,55.00290277599888,31.77007100206686,9.0,10,12.0,1976,0.212515361,B,B,19,3293,16,628.0,3,7,B
14875,44,2.0,73.0469529471514,38.91277186924153,1.0,7,12.0,1977,0.036122292,B,B,24,4378,0,1036.0,1,1,B
14834,27,3.0,56.310351326127424,,0.0,19,0.0,1977,0.072157581,B,B,2,629,1,,0,0,A
13107,5,3.0,61.1866008540353,44.568950109018594,5.0,14,12.0,1973,0.150817539,B,B,16,3433,4,2643.0,4,5,B
11045,95,1.0,46.78767674845995,,0.0,5,0.0,1977,0.0006991189999999,B,B,14,3369,24,4129.0,0,3,B
10478,6,3.0,80.9861042067384,77.53481112705556,1.0,10,1.0,2013,0.243204519,B,B,5,1564,0,540.0,0,0,B
9851,25,1.0,36.09594407739888,20.39146147105411,6.0,7,5.0,1987,0.069753361,B,B,53,13670,4,,1,11,B
3906,30,1.0,43.901344559400655,,1.0,12,12.0,1977,7.81528e-05,B,B,22,6398,141,1046.0,3,23,B
14252,142,3.0,60.73491220876869,47.14989471541135,5.0,9,9.0,1968,0.051942062,B,B,17,4017,7,800.0,2,0,B
2578,103,3.0,64.49517250670618,45.78679809799176,6.0,6,9.0,1968,0.0006991189999999,B,B,14,3369,24,4129.0,0,3,B
14463,66,3.0,81.19881647278656,46.71482019471125,10.0,13,23.0,2002,0.111627393,B,B,50,12238,8,1970.0,2,3,B
12445,68,2.0,55.56344397485308,34.530216364657555,9.0,3,8.0,1962,0.081943463,B,B,20,2738,20,,1,4,B
7510,44,2.0,54.39922301983204,32.995435802809595,8.0,18,16.0,1985,0.122190486,B,B,25,4724,2,1308.0,1,3,B
12564,118,3.0,83.59215456844359,52.071735954421776,8.0,7,9.0,1965,0.21843974,B,B,21,4472,6,1450.0,4,7,A
746,74,1.0,53.83705552291424,,1.0,8,17.0,1977,0.309479124,B,B,35,7715,4,990.0,0,6,B
12629,99,3.0,59.40004082193517,46.32940463524878,5.0,7,9.0,1969,0.033493708,B,B,66,10573,1,1322.0,3,8,B
3543,120,1.0,42.54209203640937,20.162828488856547,8.0,17,17.0,1997,0.0006991189999999,B,B,14,3369,24,4129.0,0,3,B
1872,30,2.0,52.44905662805961,52.79834949331681,1.0,17,17.0,2016,7.81528e-05,B,B,22,6398,141,1046.0,3,23,B
395,8,1.0,36.90442755817481,18.064181600946423,6.0,9,9.0,1968,0.43788524,B,B,23,5735,3,1084.0,0,5,B
7286,9,1.0,46.228912083029385,,1.0,12,1.0,1977,0.161531741,B,B,25,5648,1,30.0,2,4,B
3275,37,1.0,61.64644399390726,20.153498685780303,16.0,9,10.0,2011,0.127811589,B,B,28,7287,5,320.0,1,3,B
14583,6,1.0,39.81527387331845,21.51900604708097,1.0,14,17.0,1977,0.243204519,B,B,5,1564,0,540.0,0,0,B
7031,6,1.0,37.23972150562901,41.385675977757366,0.0,16,0.0,1977,0.243204519,B,B,5,1564,0,540.0,0,0,B
3536,138,1.0,34.05937642895892,23.529305891997627,6.0,10,9.0,1973,0.195781053,B,B,23,5212,6,,3,2,B
8905,47,2.0,56.22695895519799,31.77024040828765,8.0,21,25.0,2013,0.197367951,B,B,8,2423,1,32.0,0,1,B
7303,109,1.0,34.6554168521149,20.430824143388516,5.0,5,5.0,1962,0.1363303,B,B,30,6141,10,262.0,3,6,B
2690,9,2.0,46.9060602839888,32.200356005356504,7.0,5,5.0,1979,0.161531741,B,B,25,5648,1,30.0,2,4,B
8690,33,1.0,38.057705767379495,21.864748957103146,9.0,10,14.0,1974,0.050272014,B,B,21,4231,14,1020.0,0,3,B
1411,84,2.0,40.80752091056026,27.676670006248685,5.0,2,8.0,1962,0.006076152,B,B,30,5285,0,645.0,6,6,B
16789,128,2.0,56.85609336931938,30.515712245388013,8.0,9,14.0,1998,0.041116354,B,B,53,14892,4,,1,4,B
8594,101,1.0,37.62567492069478,19.47101763257688,8.0,4,5.0,1962,0.225824954,A,B,41,6558,7,1548.0,3,2,B
1107,103,1.0,29.93393593482247,19.4615359263554,5.0,5,5.0,1960,0.151346216,B,A,32,5889,10,830.0,4,1,B
6866,84,2.0,45.24649489942665,33.3480027684782,6.0,2,9.0,1982,0.149666373,B,B,22,4789,2,4087.0,4,1,B
10291,32,1.0,39.135254121898015,20.144385046994515,9.0,3,14.0,1975,0.135649789,B,B,46,7960,6,350.0,3,11,B
13646,9,2.0,58.69712170091629,33.87381509241408,9.0,16,17.0,1994,0.069753361,B,B,53,13670,4,,1,11,B
6542,6,2.0,55.84996524830046,33.65861645540995,9.0,13,17.0,2016,0.243204519,B,B,5,1564,0,540.0,0,0,B
13280,21,3.0,54.55015221777687,38.809645637029696,6.0,9,9.0,1976,0.034331497,B,B,25,5487,3,,0,4,B
15009,62,1.0,35.2650435064044,19.993805615751807,7.0,13,12.0,1974,0.002211665,B,B,39,7614,3,,1,5,A
6045,28,2.0,45.21785906144059,26.754449040347986,5.0,9,9.0,1970,0.118537385,B,B,30,6207,1,1183.0,1,0,B
14641,27,2.0,60.56476624780491,,9.0,13,19.0,2018,0.211401214,B,B,9,1892,0,,0,1,B
10549,58,1.0,35.82748435373208,18.05826817347377,6.0,12,12.0,1981,0.43788524,B,B,23,5735,3,1084.0,0,5,B
6669,41,4.0,86.71915351482552,52.01907447624082,11.0,1,16.0,1978,0.036122292,B,B,24,4378,0,1036.0,1,1,B
18,15,3.0,64.2386714673314,39.263152217715714,8.0,12,12.0,1983,0.158249043,B,B,21,5731,0,,1,0,B
6074,23,2.0,46.079935031323394,32.49088762680458,5.0,4,4.0,1972,0.059456227,B,B,1,362,0,,0,0,B
10342,21,2.0,48.08121418918256,30.70346445153124,5.0,9,12.0,1971,0.194489265,B,B,47,8004,3,125.0,3,5,B
16659,1,3.0,79.17240127394857,,1.0,10,17.0,1977,0.007122317,B,B,1,264,0,,0,1,B
14948,83,2.0,49.91011626009344,31.331926463723807,9.0,3,12.0,1978,0.0077202819999999,B,B,38,4788,2,,0,4,B
7595,28,2.0,66.51211234971221,33.14612752836327,10.0,9,23.0,2009,0.333891544,B,B,30,6564,1,,0,0,B
9243,23,1.0,41.92455412046397,,1.0,16,17.0,1977,0.075778755,B,B,6,1437,3,,0,2,B
9074,23,2.0,65.78496985164479,,1.0,16,17.0,1977,0.075778755,B,B,6,1437,3,,0,2,B
14661,27,2.0,67.47021920374242,32.28464194468871,1.0,5,1.0,1977,0.017647053,B,B,2,469,0,,0,0,B
4380,167,2.0,47.50735671561062,32.36457830896723,5.0,4,9.0,1963,0.050272014,B,B,21,4231,14,1020.0,0,3,B
1802,27,1.0,47.22217794068264,22.57790639540169,8.0,7,10.0,2009,0.041116354,B,B,53,14892,4,,1,4,B
9818,53,3.0,81.5544794171576,52.30931760461256,10.0,8,25.0,2016,0.049637257,B,B,34,7759,0,229.0,1,3,B
10793,23,6.0,110.75022569542148,,0.0,2,2.0,2015,0.014072961,B,B,2,475,0,,0,0,B
111,1,2.0,54.64547704768722,,1.0,15,17.0,1977,0.007122317,B,B,1,264,0,,0,1,B
12275,8,3.0,78.58179203999306,43.98394635479697,10.0,7,14.0,2010,0.43788524,B,B,23,5735,3,1084.0,0,5,B
16743,123,1.0,51.43853670866861,26.06612960603785,13.0,15,17.0,2004,0.0,B,B,6,2733,0,920.0,0,4,B
5696,69,3.0,79.080201425295,47.3213028586996,8.0,14,14.0,2002,0.093442564,B,B,23,4635,5,3300.0,2,4,B
15559,42,1.0,41.13980719398063,22.072851358346995,8.0,10,9.0,2005,0.158249043,B,B,21,5731,0,,1,0,B
5459,57,3.0,66.06909879254765,49.78674499708658,8.0,5,5.0,1977,0.133215333,B,B,49,11395,3,1406.0,3,4,A
4141,94,4.0,96.93312720933692,96.2829009845397,8.0,18,22.0,2015,0.282797669,B,B,33,8667,2,,0,6,B
4508,62,1.0,40.59708002769785,,0.0,7,15.0,1977,0.072157581,B,B,2,629,1,,0,0,A
8696,62,2.0,103.86554188361816,,1.0,10,1.0,2014,0.072157581,B,B,2,629,1,,0,0,A
4606,19,1.0,46.72675746606642,19.456422834464387,9.0,26,25.0,2002,0.000991363,B,B,33,6783,3,,1,9,B
15158,53,2.0,47.83518682937448,33.700119564717234,6.0,10,9.0,1967,0.049637257,B,B,34,7759,0,229.0,1,3,B
7986,1,1.0,42.6070895518941,21.49682631727308,8.0,9,14.0,1995,0.025609157,B,B,33,5261,0,240.0,3,1,B
5017,27,2.0,57.33114767051465,58.709649842781324,0.0,4,17.0,2018,0.011654127,B,B,4,915,0,,0,0,B
5157,23,2.0,70.34844345140617,39.54158874021661,14.0,5,1.0,2018,0.075778755,B,B,6,1437,3,,0,2,B
9928,1,1.0,41.228944022762,,1.0,7,17.0,1977,0.007122317,B,B,1,264,0,,0,1,B
8516,6,1.0,38.27845261227444,42.65581276177515,1.0,18,17.0,2016,0.243204519,B,B,5,1564,0,540.0,0,0,B
9879,62,3.0,66.41272323717294,48.97465096535857,8.0,5,16.0,1981,0.002211665,B,B,39,7614,3,,1,5,A
4244,27,1.0,40.184429404828585,19.736195709269488,7.0,10,14.0,2000,0.041116354,B,B,53,14892,4,,1,4,B
13382,206,2.0,46.04728929134912,27.384090265540923,6.0,5,7.0,1930,7.81528e-05,B,B,22,6398,141,1046.0,3,23,B
2423,6,1.0,40.64627875383704,40.245971445843786,6.0,18,17.0,2016,0.243204519,B,B,5,1564,0,540.0,0,0,B
15958,124,3.0,63.287292581639,41.78444590706794,8.0,9,9.0,1978,0.16909109,B,B,19,3856,10,,2,5,B
7491,63,1.0,46.66502258510928,49.49111587817467,10.0,6,17.0,2015,0.23861713,B,B,26,3889,6,705.0,3,6,B
7649,30,2.0,54.10198716813146,29.903354304528506,7.0,4,4.0,1952,7.81528e-05,B,B,22,6398,141,1046.0,3,23,B
928,61,2.0,45.54518102738886,30.041336571121988,6.0,6,9.0,1977,0.300322518,B,B,52,10311,6,,1,9,B
5654,44,3.0,81.1353353411808,46.58042117441128,12.0,17,17.0,2008,0.232205084,B,B,24,4860,1,80.0,0,3,B
4817,15,1.0,38.46240799301908,20.757252306765945,7.0,11,14.0,2007,0.158249043,B,B,21,5731,0,,1,0,B
939,8,1.0,41.80343970253091,23.886708317436337,8.0,6,12.0,1978,0.219006007,B,B,28,6746,3,,1,4,B
7617,85,3.0,76.358007358408,47.49542170308635,10.0,4,16.0,1979,0.037177818,B,B,52,11217,1,2300.0,1,7,B
11551,103,2.0,38.44792234965314,23.199718247872767,7.0,5,9.0,1967,0.0006991189999999,B,B,14,3369,24,4129.0,0,3,B
7615,1,2.0,85.0278508316292,40.7609048647472,11.0,13,20.0,2017,0.007122317,B,B,1,264,0,,0,1,B
6693,46,2.0,48.08553978828815,35.821461453414564,5.0,10,9.0,1966,0.188783766,B,B,31,6137,4,,0,1,B
8021,23,2.0,54.0741457667719,34.382571981695214,9.0,9,17.0,2011,0.075778755,B,B,6,1437,3,,0,2,B
12571,2,2.0,56.09479473725982,34.071819728055445,10.0,10,16.0,1973,0.130617806,B,B,39,10418,9,900.0,1,9,B
13377,7,2.0,58.63953537985844,33.64345751818232,10.0,10,16.0,1973,0.130617806,B,B,39,10418,9,900.0,1,9,B
1768,6,1.0,41.68179051880485,,1.0,18,17.0,1977,0.243204519,B,B,5,1564,0,540.0,0,0,B
10260,6,2.0,66.36818566355153,,0.0,19,17.0,1977,0.243204519,B,B,5,1564,0,540.0,0,0,B
8728,109,2.0,58.10522563607446,,9.0,1,12.0,1977,0.093442564,B,B,23,4635,5,3300.0,2,4,B
14405,49,2.0,40.072640287664335,25.84823010416485,7.0,4,12.0,1969,0.020741326,B,B,24,5613,5,1340.0,2,5,B
116,37,2.0,56.9591859353172,43.70876891925667,6.0,3,4.0,1959,0.178916796,B,B,18,3594,4,192.0,1,5,B
4201,23,1.0,52.93483444445153,51.641588514844216,10.0,7,17.0,2015,0.034656082,B,B,0,168,0,,0,0,B
7426,177,1.0,29.48029612477568,19.116841961498743,6.0,4,5.0,1967,0.0,B,B,36,6714,2,2672.0,0,2,B
997,94,3.0,60.03783011910365,50.61301057695318,5.0,7,9.0,1976,0.282797669,B,B,33,8667,2,,0,6,B
10515,1,3.0,66.37657107168168,42.905683080574256,8.0,8,14.0,1991,0.025609157,B,B,33,5261,0,240.0,3,1,B
12901,9,1.0,45.56589005792058,18.13823062534218,8.0,11,14.0,1991,0.136244425,B,B,11,2370,0,,0,1,B
6463,145,1.0,37.42397293399887,23.654813925664143,8.0,10,14.0,1998,0.0,B,B,30,5562,0,,0,5,A
9693,23,1.0,41.639364640789545,,1.0,6,17.0,1977,0.075778755,B,B,6,1437,3,,0,2,B
13830,84,1.0,38.87966049269009,21.309521212139146,9.0,8,12.0,1965,0.149666373,B,B,22,4789,2,4087.0,4,1,B
3472,44,1.0,35.873400895782034,21.035520963021035,7.0,3,14.0,1970,0.175054867,B,B,36,10055,3,,1,0,B
14626,30,1.0,36.09125645562866,20.80528969405782,8.0,7,16.0,2010,7.81528e-05,B,B,22,6398,141,1046.0,3,23,B
7481,2,2.0,48.46546338590159,30.684181104700944,8.0,7,5.0,1965,0.0,B,B,33,7425,1,,2,5,B
2292,58,1.0,42.36303354212637,23.00195389527373,9.0,8,14.0,1976,0.050755569,B,B,24,5469,1,145.0,0,1,B
3495,27,3.0,82.6528178306488,5.690155050675606,1.0,4,17.0,2015,0.072157581,B,B,2,629,1,,0,0,A
2260,105,1.0,37.91085152474015,22.81594345129993,6.0,9,9.0,1974,0.069660344,B,B,31,6119,4,,1,2,B
3596,41,2.0,45.06980131088211,28.78009440577341,5.0,10,9.0,1969,0.175054867,B,B,36,10055,3,,1,0,B
5926,88,3.0,63.5056227184885,43.84182404536601,6.0,4,9.0,1971,0.127375905,B,B,43,8429,3,,3,9,B
15435,21,1.0,13.30553146594922,9.495367198939064,0.0,6,5.0,1965,0.194489265,B,B,47,8004,3,125.0,3,5,B
7191,64,1.0,37.18857597658922,36.456984768824064,7.0,1,17.0,1988,0.135649789,B,B,46,7960,6,350.0,3,11,B
16369,27,3.0,80.18091269037039,41.355706569723466,1.0,10,12.0,2015,0.017647053,B,B,2,469,0,,0,0,B
3576,121,3.0,78.98523475549227,49.73110360218611,10.0,3,14.0,1998,0.212515361,B,B,19,3293,16,628.0,3,7,B
13844,19,1.0,42.31373979541415,23.4541619083005,10.0,10,16.0,1978,0.309479124,B,B,35,7715,4,990.0,0,6,B
4058,27,6.0,223.453688810856,104.11355236935852,16.0,2,2.0,2017,0.041116354,B,B,53,14892,4,,1,4,B
6886,155,1.0,33.07777294208548,17.98219482650871,7.0,7,12.0,1972,0.042307271,B,B,17,2810,9,4849.0,3,6,B
245,20,1.0,39.59230644298132,20.344615017495205,9.0,8,12.0,1970,0.019508796,B,B,37,7687,11,176.0,5,5,B
2729,75,2.0,45.847350604016775,25.093653584154467,6.0,13,14.0,1977,0.122090347,B,B,29,6566,7,1894.0,4,0,B
10016,44,2.0,45.24285161400138,31.742719458332715,6.0,1,9.0,1976,0.122190486,B,B,25,4724,2,1308.0,1,3,B
15870,44,2.0,54.30058654863748,33.52509646552473,8.0,2,14.0,1990,0.036122292,B,B,24,4378,0,1036.0,1,1,B
10574,23,3.0,66.47191800762235,64.60692391242944,1.0,5,1.0,2017,0.034656082,B,B,0,168,0,,0,0,B
197,27,1.0,37.6541271074997,5.480478757001055,1.0,6,17.0,1977,0.011654127,B,B,4,915,0,,0,0,B
12013,74,2.0,76.70422138124603,,1.0,8,17.0,1977,0.075778755,B,B,6,1437,3,,0,2,B
14601,103,3.0,73.60540239160504,43.8537532779942,10.0,2,17.0,2002,0.151346216,B,A,32,5889,10,830.0,4,1,B
7213,74,1.0,54.74987165514175,25.61224297075931,13.0,4,17.0,2015,0.075778755,B,B,6,1437,3,,0,2,B
15057,178,2.0,55.08731987921566,33.57933695799419,7.0,4,5.0,1956,0.212515361,B,B,19,3293,16,628.0,3,7,B
11931,9,3.0,81.44153182471769,81.22233103393032,1.0,11,1.0,1977,0.161531741,B,B,25,5648,1,30.0,2,4,B
10769,6,1.0,45.707637307709945,,1.0,4,25.0,2017,0.243204519,B,B,5,1564,0,540.0,0,0,B
802,1,3.0,84.35817699433218,,1.0,17,17.0,1977,0.007122317,B,B,1,264,0,,0,1,B
3335,1,2.0,54.85729473062506,53.42928401259807,1.0,6,17.0,1977,0.007122317,B,B,1,264,0,,0,1,B
4699,53,3.0,75.48799646986704,47.22510528523176,10.0,5,17.0,1994,0.313924552,B,B,22,4625,11,3855.0,2,10,B
4923,27,1.0,41.515281040597536,39.63615956223219,1.0,15,25.0,2015,0.211401214,B,B,9,1892,0,,0,1,B
7533,66,1.0,16.319014801237355,11.118981039716108,1.0,4,5.0,1965,0.111627393,B,B,50,12238,8,1970.0,2,3,B
12735,99,2.0,54.48433771439975,52.49794185753584,9.0,3,12.0,1976,0.033493708,B,B,66,10573,1,1322.0,3,8,B
9199,58,2.0,64.51092788214588,,1.0,3,3.0,1977,0.43788524,B,B,23,5735,3,1084.0,0,5,B
15347,157,3.0,57.9749002841198,42.57659099426432,5.0,5,5.0,1958,0.0,B,B,30,7538,87,4702.0,5,5,B
10505,52,2.0,39.38933038786035,23.87927541844753,6.0,14,12.0,1970,0.371148999,B,B,34,7065,1,750.0,2,5,B
3734,178,3.0,79.77830742912178,53.17943482919754,7.0,5,5.0,1958,0.460556389,B,B,20,4386,14,,1,5,B
14681,0,1.0,47.34676728774003,22.16860750481646,10.0,9,12.0,2005,0.319809354,B,B,25,4756,16,2857.0,5,8,B
15795,29,1.0,34.080252737446635,23.16364912424431,5.0,5,5.0,1960,0.069660344,B,B,31,6119,4,,1,2,B
14721,90,3.0,58.678677956346654,41.77940615153212,5.0,4,5.0,1967,0.265088676,B,B,37,5288,0,1937.0,3,2,B
6849,33,3.0,95.36272463496312,,0.0,16,17.0,1977,0.236108458,B,B,16,3893,27,,3,10,B
2991,48,3.0,96.99525962639784,5.3345196938074055,1.0,24,25.0,2017,0.041124634,B,B,46,9515,5,,1,10,B
7788,5,1.0,36.75250636108544,22.149367752722178,9.0,8,9.0,1984,0.150817539,B,B,16,3433,4,2643.0,4,5,B
16214,73,3.0,72.59403827893635,50.02883402498647,7.0,5,5.0,1931,0.042031587,B,B,37,6856,84,1940.0,2,5,B
13055,47,1.0,40.62391923102964,19.67222036737904,8.0,17,25.0,2010,0.101872465,B,B,23,4583,3,,3,3,B
8410,46,1.0,36.72663022974941,18.23662513248784,6.0,8,12.0,1980,0.0,B,B,47,11319,0,1145.0,3,5,B
16515,27,1.0,52.6927436788185,,0.0,8,0.0,1977,0.072157581,B,B,2,629,1,,0,0,A
6989,94,1.0,45.65080073053585,17.178724374787247,10.0,18,25.0,2012,0.282797669,B,B,33,8667,2,,0,6,B
11772,6,1.0,50.65965716585336,,1.0,20,25.0,1977,0.243204519,B,B,5,1564,0,540.0,0,0,B
16637,27,2.0,64.16805290294141,,1.0,3,1.0,2014,0.017647053,B,B,2,469,0,,0,0,B
15889,27,2.0,64.4470289147189,,1.0,9,1.0,1977,0.072157581,B,B,2,629,1,,0,0,A
10896,21,2.0,44.835016139438665,30.72815667426836,5.0,3,5.0,1963,0.034331497,B,B,25,5487,3,,0,4,B
13856,58,2.0,48.86644101817546,28.233726818167558,5.0,5,9.0,1967,0.31019913,B,B,11,2748,1,,0,0,B
3249,70,1.0,36.04589052068201,21.59877795600963,7.0,8,9.0,1974,0.002211665,B,B,39,7614,3,,1,5,A
13027,23,3.0,70.39040848929697,3.922676740542802,1.0,4,3.0,2017,0.005767451,B,B,1,388,0,,0,0,B
13185,27,1.0,44.6359141728862,,0.0,5,17.0,1977,0.072157581,B,B,2,629,1,,0,0,A
5892,1,3.0,80.975755418892,,1.0,15,17.0,1977,0.007122317,B,B,1,264,0,,0,1,B
11051,21,3.0,84.16554795996831,48.98022269362568,10.0,8,16.0,1981,0.194489265,B,B,47,8004,3,125.0,3,5,B
12408,30,2.0,72.27005721455815,,1.0,15,1.0,1977,7.81528e-05,B,B,22,6398,141,1046.0,3,23,B
13797,108,3.0,60.62606147302603,44.98950015172678,7.0,2,9.0,1962,0.0,B,B,25,5027,4,46.0,1,1,B
16382,23,3.0,71.36531154828594,71.83780085476253,0.0,5,3.0,1977,0.005767451,B,B,1,388,0,,0,0,B
9636,145,2.0,52.76831244465046,34.337995807396545,9.0,11,17.0,2005,0.246031548,B,A,22,3151,4,2715.0,3,3,B
27,21,1.0,35.55122923164247,22.80374032026064,6.0,10,9.0,1980,0.194489265,B,B,47,8004,3,125.0,3,5,B
16478,25,3.0,82.94840128649076,,1.0,23,1.0,1977,0.069753361,B,B,53,13670,4,,1,11,B
8726,61,4.0,89.70460900472902,57.73160348055674,8.0,4,14.0,1994,0.300322518,B,B,52,10311,6,,1,9,B
7890,105,1.0,36.57899189220412,20.318268232019147,5.0,4,9.0,1974,0.069660344,B,B,31,6119,4,,1,2,B
13248,47,2.0,64.06572237666772,35.23387463003257,10.0,4,12.0,2004,0.101872465,B,B,23,4583,3,,3,3,B
11726,44,1.0,37.03592832482166,17.191679700835255,7.0,6,14.0,1975,0.036122292,B,B,24,4378,0,1036.0,1,1,B
7472,31,2.0,44.2795413959844,29.604193752132,5.0,7,5.0,1960,0.151346216,B,A,32,5889,10,830.0,4,1,B
9493,1,2.0,66.2871115020751,,0.0,4,0.0,1977,0.007122317,B,B,1,264,0,,0,1,B
13261,1,2.0,64.19629906059468,,10.0,23,24.0,1977,0.007122317,B,B,1,264,0,,0,1,B
7948,32,2.0,46.597902448320006,29.4659163259918,6.0,8,9.0,1968,0.135649789,B,B,46,7960,6,350.0,3,11,B
10258,25,1.0,32.47918788766675,17.147306334992365,5.0,2,5.0,1986,0.069753361,B,B,53,13670,4,,1,11,B
6068,57,2.0,55.62042545175433,32.64952237937902,8.0,9,16.0,1980,0.133215333,B,B,49,11395,3,1406.0,3,4,A
1097,23,1.0,37.917888985277045,38.77762867229847,1.0,10,12.0,2013,0.034656082,B,B,0,168,0,,0,0,B
8288,176,2.0,58.37794014490997,37.036636637312114,7.0,6,5.0,1960,0.08761909,B,B,8,1497,5,,1,0,B
10732,72,1.0,35.77442664027005,20.86016754693631,6.0,7,9.0,1970,0.210473241,B,B,11,2398,2,1994.0,3,0,B
1649,23,1.0,29.74437314438764,,1.0,4,12.0,1977,0.034656082,B,B,0,168,0,,0,0,B
12609,27,1.0,31.06898282462102,31.5867278870866,1.0,12,25.0,1977,0.072157581,B,B,2,629,1,,0,0,A
12704,85,2.0,66.9992600304534,35.78203872462471,10.0,15,22.0,1986,0.037177818,B,B,52,11217,1,2300.0,1,7,B
9007,85,3.0,77.32936606894637,49.28537864746394,10.0,11,16.0,1973,0.037177818,B,B,52,11217,1,2300.0,1,7,B
3389,24,2.0,79.62442841323472,,10.0,28,31.0,1977,0.111627393,B,B,50,12238,8,1970.0,2,3,B
2984,1,1.0,40.813644234691175,,1.0,13,17.0,1977,0.007122317,B,B,1,264,0,,0,1,B
669,7,1.0,23.681686946276727,13.699489482358992,2.0,4,9.0,1971,0.130617806,B,B,39,10418,9,900.0,1,9,B
14686,1,3.0,77.22988533763153,79.95868472952998,1.0,18,17.0,1977,0.007122317,B,B,1,264,0,,0,1,B
3498,61,3.0,55.90176333745461,37.0475336969264,6.0,1,9.0,1978,0.300322518,B,B,52,10311,6,,1,9,B
14262,17,2.0,39.14532025482227,24.03727112295172,7.0,14,19.0,1970,0.0,B,B,18,3374,5,620.0,1,2,B
6639,9,2.0,66.38613911569288,36.12459553770475,13.0,14,14.0,2008,0.161531741,B,B,25,5648,1,30.0,2,4,B
832,33,1.0,32.39474053457854,19.2303580846972,4.0,4,5.0,1961,0.051942062,B,B,17,4017,7,800.0,2,0,B
6794,1,2.0,55.24523690270964,,1.0,11,17.0,1977,0.007122317,B,B,1,264,0,,0,1,B
15756,27,1.0,40.73287057007803,23.959210732722607,8.0,6,9.0,2000,0.041116354,B,B,53,14892,4,,1,4,B
2662,30,1.0,42.22711465585297,2.0321094370487605,1.0,15,17.0,2015,7.81528e-05,B,B,22,6398,141,1046.0,3,23,B
11492,129,2.0,45.4939952554144,30.82849292692693,7.0,6,8.0,1963,0.020741326,B,B,24,5613,5,1340.0,2,5,B
4498,95,2.0,56.2490326650036,32.214625292245,10.0,14,16.0,1975,0.341071945,B,B,27,5664,48,2300.0,3,11,B
5433,55,1.0,41.868942179032935,22.828053299240192,8.0,14,14.0,1999,0.041365446,B,B,31,5569,0,,1,4,B
9260,90,2.0,49.989146851610286,34.30668031848907,7.0,6,9.0,1968,0.246031548,B,A,22,3151,4,2715.0,3,3,B
9930,105,2.0,47.01319227554733,31.01439224715279,5.0,8,12.0,1977,0.069660344,B,B,31,6119,4,,1,2,B
5181,27,2.0,61.55017045470249,58.22555732937045,7.0,5,14.0,2015,0.017647053,B,B,2,469,0,,0,0,B
16666,17,2.0,57.40806102739092,32.5176978873417,8.0,27,25.0,2002,0.0,B,B,18,3374,5,620.0,1,2,B
14265,29,1.0,33.7344385379959,17.472584575794908,5.0,3,5.0,1968,0.069660344,B,B,31,6119,4,,1,2,B
12406,3,1.0,35.962335240565274,21.69321265923093,7.0,8,12.0,1975,0.050900058,B,B,43,10621,1,30.0,2,3,B
11744,105,3.0,56.44030626737361,35.87373653528762,6.0,5,9.0,1973,0.040242764,B,B,25,3478,11,2729.0,3,1,B
11130,17,3.0,57.934759696675606,41.3787356888664,5.0,6,5.0,1963,0.0,B,B,18,3374,5,620.0,1,2,B
16217,206,4.0,76.42842557338702,50.34490342876356,11.0,7,6.0,1912,0.042031587,B,B,37,6856,84,1940.0,2,5,B
11216,9,2.0,62.218081990980686,,1.0,6,18.0,1977,0.161531741,B,B,25,5648,1,30.0,2,4,B
15653,11,1.0,34.709104561285336,18.6907558630974,5.0,1,5.0,1977,0.0001696759999999,B,B,36,5992,0,,1,1,B
7169,6,1.0,45.17803423823192,,1.0,10,25.0,1977,0.243204519,B,B,5,1564,0,540.0,0,0,B
11676,63,1.0,39.42954488770447,22.904849294781307,8.0,11,12.0,1982,0.23861713,B,B,26,3889,6,705.0,3,6,B
15942,6,1.0,49.94318882824493,,1.0,9,17.0,1977,0.243204519,B,B,5,1564,0,540.0,0,0,B
6218,1,1.0,38.65871320511654,41.83287671293076,1.0,5,0.0,1977,0.007122317,B,B,1,264,0,,0,1,B
7461,25,3.0,76.7904083005956,48.05274329645112,10.0,18,17.0,1995,0.069753361,B,B,53,13670,4,,1,11,B
7740,56,1.0,40.96957900317993,22.019286643492197,9.0,16,16.0,1988,0.0,B,B,23,5067,4,,2,6,B
5060,53,2.0,55.82525951923271,,1.0,2,19.0,1977,0.049637257,B,B,34,7759,0,229.0,1,3,B
5894,53,1.0,40.40398925345367,,1.0,21,22.0,1977,0.049637257,B,B,34,7759,0,229.0,1,3,B
4795,82,1.0,39.31899629627416,22.384626936360966,9.0,11,12.0,1971,0.037316452,B,B,32,6748,93,562.0,4,10,B
4359,34,2.0,60.009485074710426,,1.0,21,1.0,1977,0.069753361,B,B,53,13670,4,,1,11,B
16352,23,2.0,56.06537189019497,54.815411805642434,1.0,6,17.0,2015,0.034656082,B,B,0,168,0,,0,0,B
10281,1,2.0,63.00832630836655,,1.0,17,17.0,1977,0.007122317,B,B,1,264,0,,0,1,B
5944,32,1.0,34.50457486996727,20.67249878068262,7.0,6,9.0,1968,0.135649789,B,B,46,7960,6,350.0,3,11,B
7673,9,2.0,58.08572088505226,36.658556129317326,10.0,9,22.0,1995,0.161531741,B,B,25,5648,1,30.0,2,4,B
6150,6,3.0,76.37955255988342,1.6335422370429444,1.0,17,17.0,1977,0.243204519,B,B,5,1564,0,540.0,0,0,B
6273,61,2.0,47.48969088138692,28.189122288726026,6.0,1,12.0,1981,0.300322518,B,B,52,10311,6,,1,9,B
10440,62,1.0,29.10709140728332,16.434995351995738,5.0,7,9.0,1974,0.002211665,B,B,39,7614,3,,1,5,A
13831,6,2.0,65.98806791340026,60.24258345323662,1.0,18,17.0,2014,0.243204519,B,B,5,1564,0,540.0,0,0,B
10606,107,2.0,76.80042051888431,45.71092298306146,8.0,4,5.0,1935,0.174739084,B,B,17,3379,9,100.0,0,3,B
14241,62,3.0,86.30462183732111,55.289313305743725,11.0,5,14.0,2018,0.072157581,B,B,2,629,1,,0,0,A
5966,53,2.0,44.43824905393311,31.423017771754918,5.0,8,9.0,1966,0.049637257,B,B,34,7759,0,229.0,1,3,B
8250,58,1.0,50.26207214305225,1.916946711363057,1.0,10,9.0,2016,0.43788524,B,B,23,5735,3,1084.0,0,5,B
7239,6,1.0,41.236986046787294,,1.0,23,25.0,1977,0.243204519,B,B,5,1564,0,540.0,0,0,B
11469,26,1.0,36.0606921771731,22.822802003987487,5.0,3,5.0,1964,0.0,B,B,36,6714,2,2672.0,0,2,B
1813,88,3.0,50.66880995503038,37.69197791772386,5.0,8,12.0,1974,0.127375905,B,B,43,8429,3,,3,9,B
13751,132,1.0,37.35804306421228,20.11492662522384,9.0,14,16.0,1979,0.306977489,B,B,27,5148,14,1575.0,5,7,B
7090,94,2.0,52.03477473644265,30.75014459455151,5.0,5,5.0,1977,0.282797669,B,B,33,8667,2,,0,6,B
11881,3,2.0,41.87340208180896,27.335267860381013,6.0,1,5.0,1962,0.265088676,B,B,37,5288,0,1937.0,3,2,B
14240,27,2.0,64.80120911182715,32.53024347275932,7.0,2,1.0,1977,0.017647053,B,B,2,469,0,,0,0,B
10170,48,2.0,47.863789962737634,33.84667883716051,6.0,12,12.0,1982,0.041124634,B,B,46,9515,5,,1,10,B
5645,3,2.0,51.30904065998019,30.60199742733741,8.0,4,17.0,1999,0.050900058,B,B,43,10621,1,30.0,2,3,B
1000,35,2.0,63.51602545003964,63.30459923450146,1.0,5,18.0,2015,0.089039719,B,B,33,7976,5,,0,11,B
15199,119,1.0,33.05345305875188,20.1091822914892,5.0,4,5.0,1962,0.000995363,B,B,42,7651,1,,1,5,B
12736,9,3.0,89.2439640308897,45.99828585634443,10.0,16,22.0,1987,0.136244425,B,B,11,2370,0,,0,1,B
7840,46,3.0,77.54370827287322,52.90704362724434,9.0,4,4.0,1962,0.188783766,B,B,31,6137,4,,0,1,B
16463,90,1.0,35.03307308071564,21.084796605553517,5.0,8,9.0,1967,0.265088676,B,B,37,5288,0,1937.0,3,2,B
9285,74,2.0,75.45352967383243,,1.0,5,17.0,1977,0.075778755,B,B,6,1437,3,,0,2,B
2922,111,1.0,39.172503595354,22.666167332947094,10.0,21,22.0,2006,0.093442564,B,B,23,4635,5,3300.0,2,4,B
5869,58,1.0,46.68800347913572,45.67031028232661,0.0,10,17.0,2014,0.43788524,B,B,23,5735,3,1084.0,0,5,B
13954,23,3.0,105.03895182185217,,1.0,5,25.0,1977,0.075778755,B,B,6,1437,3,,0,2,B
8357,75,1.0,40.48967510136287,22.71311637894853,8.0,13,14.0,1969,0.307466659,B,A,30,5048,9,325.0,2,5,B
16704,111,4.0,95.03303235560604,68.38822103299889,8.0,4,9.0,1974,0.135649789,B,B,46,7960,6,350.0,3,11,B
1976,175,3.0,81.90175620308807,52.88740017979117,10.0,2,8.0,1962,0.037316452,B,B,32,6748,93,562.0,4,10,B
14971,44,2.0,45.5967946108787,34.53290003653864,6.0,1,5.0,1963,0.036122292,B,B,24,4378,0,1036.0,1,1,B
13369,2,1.0,38.74085186671215,20.62711109181366,9.0,3,12.0,1967,0.0,B,B,33,7425,1,,2,5,B
9224,27,2.0,54.23672994035762,,1.0,13,17.0,1977,0.011654127,B,B,4,915,0,,0,0,B
14459,27,1.0,47.80943210174076,47.777381898563135,1.0,14,1.0,1977,0.072157581,B,B,2,629,1,,0,0,A
5450,51,2.0,51.85133641053128,32.114051612620486,7.0,14,14.0,1956,0.015016892,B,B,17,3079,59,2890.0,0,8,B
12134,52,2.0,66.46342969601757,,1.0,12,16.0,2015,0.371148999,B,B,34,7065,1,750.0,2,5,B
1616,30,1.0,42.89863448132304,44.623533723236285,1.0,4,17.0,1977,7.81528e-05,B,B,22,6398,141,1046.0,3,23,B
15150,27,2.0,61.81463314864892,58.88343993254789,10.0,4,15.0,2016,0.017647053,B,B,2,469,0,,0,0,B
13333,88,2.0,52.59251542621027,33.12736386536157,8.0,4,12.0,1975,0.127375905,B,B,43,8429,3,,3,9,B
14907,130,4.0,116.56493261709936,75.04516224181378,10.0,5,9.0,1960,0.21843974,B,B,21,4472,6,1450.0,4,7,A
14886,90,1.0,32.809006307769124,20.995885185174924,5.0,4,5.0,1961,0.246031548,B,A,22,3151,4,2715.0,3,3,B
16151,119,1.0,35.00861243160698,22.13775952474837,5.0,2,9.0,1965,0.033493708,B,B,66,10573,1,1322.0,3,8,B
4679,30,2.0,33.44430622348324,30.72658478561685,5.0,5,5.0,1968,7.81528e-05,B,B,22,6398,141,1046.0,3,23,B
7147,45,2.0,71.00263442408071,72.84961895934097,1.0,10,22.0,1977,0.195781053,B,B,23,5212,6,,3,2,B
1475,25,2.0,78.93097025484747,39.09411987338049,11.0,6,17.0,2008,0.069753361,B,B,53,13670,4,,1,11,B
4891,18,3.0,63.24806887308125,41.88273528864454,7.0,9,14.0,1987,0.0,B,B,30,5562,0,,0,5,A
16036,23,2.0,63.35660436179922,,1.0,17,17.0,1977,0.075778755,B,B,6,1437,3,,0,2,B
2017,66,2.0,55.90456338055829,40.43309757701086,5.0,3,5.0,1965,0.161975568,B,A,31,7010,5,4508.0,3,7,B
10888,113,2.0,79.785380840401,43.07425876182476,13.0,4,16.0,2005,0.050755569,B,B,24,5469,1,145.0,0,1,B
14129,144,1.0,42.81881426108285,23.833148787680912,8.0,5,12.0,1982,0.306977489,B,B,27,5148,14,1575.0,5,7,B
13686,187,1.0,41.092204378773744,22.449813268150965,8.0,8,12.0,2001,0.041116354,B,B,53,14892,4,,1,4,B
4634,22,1.0,42.441934109205775,,0.0,5,17.0,1977,0.118537385,B,B,30,6207,1,1183.0,1,0,B
11116,63,1.0,51.29329185342407,1.9328041914861789,1.0,10,1.0,2018,0.23861713,B,B,26,3889,6,705.0,3,6,B
8622,23,1.0,40.29525080704799,,1.0,4,4.0,2017,0.034656082,B,B,0,168,0,,0,0,B
15245,98,2.0,64.15277492010668,39.1168256677101,10.0,20,22.0,1990,0.195781053,B,B,23,5212,6,,3,2,B
13196,23,3.0,70.41757284325949,,1.0,4,1.0,1977,0.005767451,B,B,1,388,0,,0,0,B
12034,53,2.0,58.56362485209706,43.75223474518224,10.0,16,24.0,2019,0.049637257,B,B,34,7759,0,229.0,1,3,B
7819,97,1.0,39.606854972678654,20.475021507943865,9.0,14,12.0,1971,0.486245621,B,B,13,2514,19,,0,6,B
12230,126,2.0,41.70467602063218,24.1559951223729,5.0,5,5.0,1962,0.486245621,B,B,13,2514,19,,0,6,B
11385,148,1.0,37.66882653105834,19.45616350404436,9.0,10,12.0,1970,0.313924552,B,B,22,4625,11,3855.0,2,10,B
14486,123,2.0,85.99769653662962,45.55308920451751,12.0,10,18.0,2008,0.0,B,B,6,2733,0,920.0,0,4,B
1695,7,1.0,31.560171797247285,31.967179549985577,7.0,2,12.0,1975,0.130617806,B,B,39,10418,9,900.0,1,9,B
5994,52,1.0,34.49935846002646,19.056583344847954,5.0,4,4.0,1961,0.371148999,B,B,34,7065,1,750.0,2,5,B
4836,0,3.0,57.966828817377845,37.290753088037846,5.0,3,8.0,1963,0.319809354,B,B,25,4756,16,2857.0,5,8,B
15394,67,2.0,70.83598477893811,40.154647228882645,11.0,12,19.0,2014,0.0077202819999999,B,B,38,4788,2,,0,4,B
11683,67,2.0,56.54042603853461,30.30046506265157,8.0,4,12.0,1976,0.100455735,B,B,43,7227,0,,1,6,A
13702,21,3.0,71.53277703786016,46.84258765529076,8.0,4,5.0,1963,0.149666373,B,B,22,4789,2,4087.0,4,1,B
1995,176,2.0,56.85560567034372,35.90830314834036,7.0,4,5.0,1961,0.08761909,B,B,8,1497,5,,1,0,B
6533,1,2.0,64.91958316061056,,10.0,19,22.0,2019,0.007122317,B,B,1,264,0,,0,1,B
10616,1,2.0,77.46354026700465,,1.0,5,16.0,2017,0.007122317,B,B,1,264,0,,0,1,B
4224,27,1.0,41.441012773388735,38.0138876480582,10.0,5,20.0,1977,0.017647053,B,B,2,469,0,,0,0,B
9089,80,2.0,48.666952841498926,30.99585260676777,6.0,10,9.0,1976,0.0077202819999999,B,B,38,4788,2,,0,4,B
2770,6,1.0,47.5880005756431,,1.0,9,25.0,1977,0.243204519,B,B,5,1564,0,540.0,0,0,B
4568,54,2.0,42.77517622883904,27.75189744956837,5.0,4,5.0,1966,0.006076152,B,B,30,5285,0,645.0,6,6,B
8808,119,2.0,46.198854171111,32.8420639512144,5.0,2,5.0,1963,0.000995363,B,B,42,7651,1,,1,5,B
4423,10,2.0,47.37366418724793,31.472700288750392,6.0,7,9.0,1972,0.089039719,B,B,33,7976,5,,0,11,B
16616,41,3.0,66.06113657119202,42.48210042829294,8.0,6,9.0,1980,6.99893e-05,B,B,46,10309,1,240.0,1,16,B
8340,9,2.0,64.61634731644105,32.23437898894518,8.0,11,9.0,2014,0.161531741,B,B,25,5648,1,30.0,2,4,B
12689,61,1.0,38.190813276343405,21.653921021502047,10.0,14,25.0,2013,0.300322518,B,B,52,10311,6,,1,9,B
1985,10,2.0,45.44925461984497,27.5181837263328,6.0,4,12.0,1973,0.089039719,B,B,33,7976,5,,0,11,B
11615,24,1.0,61.367530072393855,61.00849954747724,0.0,6,15.0,2016,0.111627393,B,B,50,12238,8,1970.0,2,3,B
3416,119,2.0,49.51142466080916,30.761137893935064,5.0,6,5.0,1966,0.000995363,B,B,42,7651,1,,1,5,B
6193,99,3.0,78.78613434419736,49.152087585155584,10.0,2,14.0,1999,0.033493708,B,B,66,10573,1,1322.0,3,8,B
5943,47,3.0,74.25789367407775,47.78415280777221,10.0,15,16.0,1976,6.99893e-05,B,B,46,10309,1,240.0,1,16,B
7096,66,3.0,65.31380317542362,45.90746069981846,9.0,4,12.0,1955,0.161975568,B,A,31,7010,5,4508.0,3,7,B
10880,169,2.0,66.74859608073734,,1.0,14,17.0,1977,0.178916796,B,B,18,3594,4,192.0,1,5,B
6777,5,3.0,100.54667051636532,58.492936397264494,12.0,15,17.0,2019,0.150817539,B,B,16,3433,4,2643.0,4,5,B
3194,29,2.0,43.92698743317489,31.0287066937074,44.0,6,5.0,1964,0.086885265,B,B,10,2277,2,1547.0,0,0,B
11427,23,2.0,47.362594939138965,49.55439382950404,10.0,14,12.0,1977,0.034656082,B,B,0,168,0,,0,0,B
5517,31,1.0,30.5715003172954,15.455599140664738,4.0,2,4.0,1958,0.151346216,B,A,32,5889,10,830.0,4,1,B
10395,6,1.0,44.49977444312419,,1.0,8,1.0,1977,0.243204519,B,B,5,1564,0,540.0,0,0,B
1538,167,3.0,61.2160524814072,41.10635890898606,5.0,4,5.0,1961,0.050272014,B,B,21,4231,14,1020.0,0,3,B
3139,104,3.0,72.15609435771249,46.912779129543935,9.0,3,9.0,1983,0.327018035,B,B,12,2270,23,2500.0,1,0,B
153,67,3.0,64.38160695908242,44.71593166280484,6.0,11,12.0,1975,0.100455735,B,B,43,7227,0,,1,6,A
16492,88,1.0,42.865265145509575,,0.0,18,0.0,1977,0.127375905,B,B,43,8429,3,,3,9,B
9857,34,3.0,78.4798682472681,49.22980281857096,10.0,17,16.0,2002,0.069753361,B,B,53,13670,4,,1,11,B
16527,48,1.0,41.76158437070264,22.45828788636097,10.0,12,12.0,2013,0.041124634,B,B,46,9515,5,,1,10,B
8736,58,1.0,53.26574076736547,,1.0,7,9.0,1977,0.43788524,B,B,23,5735,3,1084.0,0,5,B
56,8,2.0,65.81016592669467,36.66376811484208,12.0,4,17.0,2006,0.092290642,B,B,21,4346,2,165.0,1,2,B
11663,42,1.0,40.048098831463406,23.554404763693128,7.0,10,17.0,2006,0.158249043,B,B,21,5731,0,,1,0,B
4625,57,1.0,32.85595489505268,16.592986912808243,5.0,2,5.0,1969,0.133215333,B,B,49,11395,3,1406.0,3,4,A
14719,31,3.0,76.4358402249719,41.34873269477322,10.0,1,9.0,2002,0.151346216,B,A,32,5889,10,830.0,4,1,B
8944,75,2.0,46.12371654925122,30.978382863306543,5.0,5,5.0,1965,0.307466659,B,A,30,5048,9,325.0,2,5,B
11709,63,1.0,51.87244680148408,,1.0,23,22.0,2016,0.23861713,B,B,26,3889,6,705.0,3,6,B
10413,78,1.0,34.90916277394521,20.35789124212861,6.0,6,9.0,1973,0.092290642,B,B,21,4346,2,165.0,1,2,B
7638,53,3.0,80.41686352582073,80.40593351836998,1.0,5,18.0,2016,0.049637257,B,B,34,7759,0,229.0,1,3,B
6611,99,2.0,44.59432542019106,31.89406810196852,5.0,1,9.0,1969,0.033493708,B,B,66,10573,1,1322.0,3,8,B
4646,6,2.0,72.2354862524815,,0.0,24,25.0,1977,0.243204519,B,B,5,1564,0,540.0,0,0,B
5974,124,3.0,72.26502604053701,44.4778111597738,9.0,9,14.0,1988,0.122090347,B,B,29,6566,7,1894.0,4,0,B
15471,3,1.0,35.87615246760468,18.853164511623504,6.0,8,9.0,1974,0.050900058,B,B,43,10621,1,30.0,2,3,B
11155,150,2.0,43.569924463619735,30.140515383990504,5.0,4,5.0,1965,0.08761909,B,B,8,1497,5,,1,0,B
7852,21,2.0,39.77284511460617,24.88553056812051,7.0,6,9.0,1962,0.034331497,B,B,25,5487,3,,0,4,B
3552,44,2.0,40.48495270749405,27.301096758212875,6.0,10,14.0,1969,0.232205084,B,B,24,4860,1,80.0,0,3,B
14064,93,1.0,42.710105733174345,23.81561263784509,9.0,23,24.0,2004,0.050900058,B,B,43,10621,1,30.0,2,3,B
16476,27,1.0,43.66506246962548,,1.0,6,1.0,1977,0.072157581,B,B,2,629,1,,0,0,A
1320,23,2.0,54.350504892039226,57.37699040666648,1.0,4,3.0,1977,0.005767451,B,B,1,388,0,,0,0,B
16545,25,2.0,62.331385264356506,,0.0,14,25.0,1977,0.069753361,B,B,53,13670,4,,1,11,B
6613,46,3.0,57.79118907532879,36.21210910758168,5.0,5,5.0,1967,0.0,B,B,47,11319,0,1145.0,3,5,B
2692,57,3.0,83.23406252303208,52.21669183813178,10.0,10,14.0,2005,0.133215333,B,B,49,11395,3,1406.0,3,4,A
11247,61,1.0,38.1468965769044,20.222569589119832,8.0,3,12.0,1984,0.300322518,B,B,52,10311,6,,1,9,B
10136,1,1.0,39.188428063995865,,1.0,7,17.0,1977,0.007122317,B,B,1,264,0,,0,1,B
15753,96,2.0,60.773949636267616,36.112169344525405,10.0,3,9.0,2004,0.041116354,B,B,53,14892,4,,1,4,B
14916,6,2.0,52.32414920411487,52.928465275260685,9.0,5,17.0,2015,0.243204519,B,B,5,1564,0,540.0,0,0,B
12747,1,1.0,39.413779667972,,1.0,15,17.0,1977,0.007122317,B,B,1,264,0,,0,1,B
917,128,3.0,73.21101991765708,47.40137438702343,10.0,12,17.0,1997,0.0,B,B,27,4798,0,30.0,2,8,B
5782,27,2.0,58.35843641236407,61.30091905769744,10.0,4,17.0,2014,0.011654127,B,B,4,915,0,,0,0,B
13152,99,2.0,56.793832659775646,38.92873452892562,6.0,10,9.0,1973,0.012338886,B,B,35,5776,1,2078.0,2,4,B
9232,78,2.0,55.10106855485424,32.97352923541845,10.0,14,17.0,2002,0.092290642,B,B,21,4346,2,165.0,1,2,B
10520,42,4.0,100.7299945314214,67.12335746353571,10.0,8,12.0,2005,0.158249043,B,B,21,5731,0,,1,0,B
6610,6,2.0,61.92550656131602,,0.0,2,17.0,1977,0.243204519,B,B,5,1564,0,540.0,0,0,B
1440,29,2.0,45.52167884587328,26.473375407902218,5.0,7,5.0,1964,0.069660344,B,B,31,6119,4,,1,2,B
4558,23,1.0,32.00855803327691,31.81697141768541,1.0,9,17.0,2017,0.034656082,B,B,0,168,0,,0,0,B
13689,9,2.0,65.96413520103987,,1.0,7,1.0,1977,0.161531741,B,B,25,5648,1,30.0,2,4,B
15401,13,2.0,51.39579121978623,32.650826018825995,8.0,6,17.0,2001,0.090799103,B,B,74,19083,2,,5,15,B
7871,47,1.0,39.09697007688106,21.30746196984717,8.0,6,16.0,1984,6.99893e-05,B,B,46,10309,1,240.0,1,16,B
13980,6,1.0,40.88656986826595,42.6650362367781,12.0,12,17.0,1977,0.243204519,B,B,5,1564,0,540.0,0,0,B
11580,84,2.0,46.14046799469262,31.69083138553465,5.0,8,12.0,1970,0.149666373,B,B,22,4789,2,4087.0,4,1,B
9438,5,1.0,34.34285683178473,21.832747872041928,5.0,5,5.0,1962,0.150817539,B,B,16,3433,4,2643.0,4,5,B
8659,96,2.0,54.13441295038548,29.385070452519127,7.0,9,15.0,2009,0.041116354,B,B,53,14892,4,,1,4,B
15149,7,2.0,53.57423643720745,27.713771357573066,7.0,6,5.0,1954,0.130617806,B,B,39,10418,9,900.0,1,9,B
426,12,1.0,42.78396336636784,21.66824614248856,8.0,12,17.0,1988,0.090799103,B,B,74,19083,2,,5,15,B
7822,23,1.0,30.68826637736664,,1.0,3,10.0,1977,0.034656082,B,B,0,168,0,,0,0,B
6270,12,2.0,63.85426025109717,38.91967690165871,10.0,5,14.0,1999,0.090799103,B,B,74,19083,2,,5,15,B
4088,22,1.0,39.67093816820002,18.675235138833447,9.0,9,20.0,2013,0.118537385,B,B,30,6207,1,1183.0,1,0,B
9108,127,1.0,38.18020308714488,16.554307939008208,9.0,5,9.0,1964,0.486245621,B,B,13,2514,19,,0,6,B
4398,58,3.0,86.15978244310621,3.8471747991521656,1.0,8,17.0,1977,0.43788524,B,B,23,5735,3,1084.0,0,5,B
4922,83,1.0,42.30075235549632,21.66178057504165,8.0,6,12.0,1976,0.0077202819999999,B,B,38,4788,2,,0,4,B
11730,94,2.0,44.19135812711829,28.031865875778585,6.0,5,9.0,1972,0.282797669,B,B,33,8667,2,,0,6,B
321,9,3.0,80.133374126406,78.94227982319178,1.0,9,1.0,1977,0.161531741,B,B,25,5648,1,30.0,2,4,B
6594,23,2.0,53.148626936761005,,1.0,11,12.0,1977,0.034656082,B,B,0,168,0,,0,0,B
3834,45,3.0,76.5152893113807,47.43502019182053,1.0,6,1.0,1977,0.195781053,B,B,23,5212,6,,3,2,B
16606,57,3.0,66.14777583631786,41.56027549656051,6.0,7,12.0,1983,0.133215333,B,B,49,11395,3,1406.0,3,4,A
10962,9,3.0,77.07321170375477,44.78487681544152,10.0,9,14.0,1992,0.161531741,B,B,25,5648,1,30.0,2,4,B
3704,74,2.0,81.74242020435544,80.35559944003701,1.0,7,24.0,1977,0.075778755,B,B,6,1437,3,,0,2,B
10702,100,1.0,34.77799263131417,20.789409410796186,9.0,3,12.0,1970,0.200146802,B,B,23,3975,8,770.0,2,0,B
12611,8,1.0,30.68783591940576,19.77401395339656,6.0,7,5.0,1964,0.458174486,B,A,26,4439,1,1130.0,1,5,B
6394,48,2.0,58.70769554803349,32.729632536018194,9.0,16,16.0,1984,0.041124634,B,B,46,9515,5,,1,10,B
11538,6,3.0,80.21939967207726,47.660259644506,9.0,13,17.0,2014,0.243204519,B,B,5,1564,0,540.0,0,0,B
7440,190,2.0,48.185946703560674,33.48783491239236,5.0,3,9.0,1966,0.0,B,B,30,7538,87,4702.0,5,5,B
11688,98,2.0,54.584236746163214,34.12578616699977,9.0,14,12.0,1977,0.195781053,B,B,23,5212,6,,3,2,B
14915,10,2.0,38.26940528309434,25.64675516398682,6.0,5,14.0,1971,0.089039719,B,B,33,7976,5,,0,11,B
16326,75,1.0,32.22956476162387,17.129572841468462,6.0,4,5.0,1964,0.122090347,B,B,29,6566,7,1894.0,4,0,B
8883,23,1.0,41.47880101225748,,1.0,14,25.0,1977,0.075778755,B,B,6,1437,3,,0,2,B
13596,93,1.0,35.62773706419681,18.854226165909463,6.0,2,9.0,1974,0.521867054,B,B,25,6149,0,,0,0,B
16544,44,1.0,33.34672865200149,21.5608510288672,5.0,9,9.0,1968,0.036122292,B,B,24,4378,0,1036.0,1,1,B
13023,30,2.0,65.71550395644876,,1.0,1,17.0,1977,7.81528e-05,B,B,22,6398,141,1046.0,3,23,B
11965,67,2.0,46.76858227283441,33.24520439374607,5.0,9,9.0,1980,0.100455735,B,B,43,7227,0,,1,6,A
10966,129,1.0,40.6033221853339,20.530089408348186,8.0,6,5.0,1959,0.020741326,B,B,24,5613,5,1340.0,2,5,B
4853,119,2.0,63.772580521074026,36.23411357925804,11.0,5,14.0,2009,0.000995363,B,B,42,7651,1,,1,5,B
5138,45,2.0,63.45023181913682,63.421354321352965,1.0,16,14.0,1977,0.195781053,B,B,23,5212,6,,3,2,B
10069,85,3.0,53.375987529508144,35.8332175713849,6.0,10,9.0,1977,0.037177818,B,B,52,11217,1,2300.0,1,7,B
7781,92,1.0,37.91472329839142,20.59454126952537,7.0,11,17.0,2014,0.460556389,B,B,20,4386,14,,1,5,B
11188,1,2.0,85.00056774819689,,1.0,4,17.0,1977,0.007122317,B,B,1,264,0,,0,1,B
14224,6,2.0,68.36808781471474,,1.0,6,17.0,1977,0.243204519,B,B,5,1564,0,540.0,0,0,B
5149,1,2.0,61.29261815698233,,1.0,5,16.0,1977,0.007122317,B,B,1,264,0,,0,1,B
2229,23,2.0,56.72436475332414,32.19428456068046,1.0,9,17.0,2015,0.075778755,B,B,6,1437,3,,0,2,B
8152,52,1.0,40.18537392196434,41.09747879047829,0.0,8,17.0,1977,0.371148999,B,B,34,7065,1,750.0,2,5,B
15835,23,3.0,83.38415601520283,80.3702303917696,10.0,14,18.0,2015,0.034656082,B,B,0,168,0,,0,0,B
5777,19,1.0,41.08796654050919,21.541109877625733,7.0,4,17.0,2004,0.309479124,B,B,35,7715,4,990.0,0,6,B
6811,57,3.0,80.1705965084248,47.2802398799979,12.0,8,14.0,2003,0.090799103,B,B,74,19083,2,,5,15,B
932,62,1.0,45.60536667785385,,1.0,6,1.0,1977,0.072157581,B,B,2,629,1,,0,0,A
8030,19,2.0,67.518721641105,38.905038168155535,7.0,5,5.0,1956,0.309479124,B,B,35,7715,4,990.0,0,6,B
8180,11,3.0,67.13391138538887,50.80979717351564,6.0,5,9.0,1973,0.0001696759999999,B,B,36,5992,0,,1,1,B
5851,126,2.0,43.4418493192298,28.86930015011006,5.0,3,5.0,1965,0.333891544,B,B,30,6564,1,,0,0,B
316,23,1.0,53.706092584251145,49.49378812051457,1.0,7,9.0,1977,0.014072961,B,B,2,475,0,,0,0,B
8100,94,2.0,63.1161577577037,33.12362698417781,9.0,7,16.0,1973,0.282797669,B,B,33,8667,2,,0,6,B
12420,96,1.0,41.8339039986406,20.97225430009497,8.0,7,12.0,2004,0.041116354,B,B,53,14892,4,,1,4,B
8092,13,1.0,41.86486434888159,22.667662304640352,10.0,15,19.0,2000,0.090799103,B,B,74,19083,2,,5,15,B
4984,47,3.0,63.66173377610029,46.97289306463136,6.0,8,12.0,1979,0.298204575,B,B,16,4048,3,,1,3,B
12879,23,2.0,64.05254615915153,,1.0,12,17.0,1977,0.075778755,B,B,6,1437,3,,0,2,B
8525,110,4.0,93.46569572690274,56.38877243611909,8.0,6,14.0,1996,0.033493708,B,B,66,10573,1,1322.0,3,8,B
5448,160,2.0,46.9080739635246,28.09267128263225,6.0,8,9.0,1978,0.0,B,B,39,8647,0,810.0,0,5,B
6322,8,1.0,35.282441197158064,18.22860281484161,6.0,7,12.0,1980,0.458174486,B,A,26,4439,1,1130.0,1,5,B
16783,67,3.0,84.33113273242198,,1.0,11,22.0,1977,0.0077202819999999,B,B,38,4788,2,,0,4,B
12041,27,1.0,45.10934585879581,38.51001691777524,11.0,13,0.0,1977,0.017647053,B,B,2,469,0,,0,0,B
12038,14,2.0,60.60078783431382,38.60861515824338,8.0,3,5.0,1958,0.042031587,B,B,37,6856,84,1940.0,2,5,B
7914,132,3.0,72.81861145244588,48.643369171115104,8.0,4,16.0,1980,0.306977489,B,B,27,5148,14,1575.0,5,7,B
13075,101,3.0,77.34014534492799,53.38421356538922,10.0,5,5.0,1959,0.225824954,A,B,41,6558,7,1548.0,3,2,B
8819,27,3.0,81.60607368160294,46.13444943790271,10.0,3,17.0,2015,0.011654127,B,B,4,915,0,,0,0,B
12165,96,4.0,89.28455077012781,56.17451756289377,10.0,9,9.0,2002,0.041116354,B,B,53,14892,4,,1,4,B
16013,83,3.0,64.50884986749395,48.81524511108652,6.0,5,12.0,1974,0.0077202819999999,B,B,38,4788,2,,0,4,B
15172,38,3.0,86.20474059964937,50.67584681137279,10.0,7,20.0,2016,0.060753049,B,B,15,2787,2,520.0,0,7,B
14088,123,3.0,91.5990273608436,58.13263909475655,11.0,4,8.0,2005,0.0,B,B,6,2733,0,920.0,0,4,B
4230,34,1.0,45.84676180237188,44.32027456098964,10.0,16,16.0,2014,0.069753361,B,B,53,13670,4,,1,11,B
709,9,1.0,39.25240909032569,24.70196782093357,8.0,11,14.0,1986,0.136244425,B,B,11,2370,0,,0,1,B
6384,39,2.0,46.241789158604966,29.22425497429645,6.0,11,9.0,1969,0.428825818,B,B,25,5011,8,730.0,0,2,B
4089,6,3.0,103.92229104008298,,0.0,23,25.0,1977,0.243204519,B,B,5,1564,0,540.0,0,0,B
14593,27,2.0,62.25699264533561,,0.0,2,17.0,1977,0.011654127,B,B,4,915,0,,0,0,B
3078,6,1.0,41.62266636907175,20.375135662386576,7.0,9,17.0,2015,0.243204519,B,B,5,1564,0,540.0,0,0,B
3031,48,3.0,84.79070574020889,82.87359689521945,1.0,20,1.0,2013,0.041124634,B,B,46,9515,5,,1,10,B
5055,1,2.0,55.577610078870784,32.54836018516995,9.0,10,17.0,2014,0.007122317,B,B,1,264,0,,0,1,B
699,30,2.0,65.69160993787237,66.74285777449711,1.0,19,24.0,2017,7.81528e-05,B,B,22,6398,141,1046.0,3,23,B
15451,18,1.0,40.00475499775997,23.03941890370347,9.0,8,25.0,2000,0.0,B,B,30,5562,0,,0,5,A
8019,88,1.0,42.54096848465255,42.084804164441984,1.0,22,24.0,2016,0.127375905,B,B,43,8429,3,,3,9,B
13819,46,1.0,30.94516744710193,13.434489510466545,6.0,5,9.0,1968,0.188783766,B,B,31,6137,4,,0,1,B
4016,109,2.0,45.7675413558043,32.816228390462214,5.0,4,5.0,1960,0.1363303,B,B,30,6141,10,262.0,3,6,B
14869,27,3.0,46.69936040168936,,0.0,23,25.0,1977,0.072157581,B,B,2,629,1,,0,0,A
16089,66,2.0,57.0651733126042,36.95947586268216,7.0,2,5.0,1957,0.161975568,B,A,31,7010,5,4508.0,3,7,B
1858,100,1.0,29.58575823133833,16.761099968482206,5.0,3,8.0,1959,0.200146802,B,B,23,3975,8,770.0,2,0,B
3681,111,3.0,79.434938829636,53.210317202662814,8.0,6,12.0,1987,0.093442564,B,B,23,4635,5,3300.0,2,4,B
3481,101,1.0,35.21668727766953,19.2923630265096,5.0,8,9.0,1965,0.225824954,A,B,41,6558,7,1548.0,3,2,B
15197,57,1.0,43.372893505032046,19.42277481778803,10.0,3,10.0,2003,0.133215333,B,B,49,11395,3,1406.0,3,4,A
8316,6,1.0,38.3333285687248,,0.0,7,17.0,1977,0.243204519,B,B,5,1564,0,540.0,0,0,B
5849,128,1.0,40.34530251235429,23.75488996161283,7.0,2,17.0,1994,0.0,B,B,27,4798,0,30.0,2,8,B
526,55,2.0,51.1847842036267,34.48137596395961,8.0,2,14.0,1990,0.041365446,B,B,31,5569,0,,1,4,B
5468,17,1.0,29.080104822813727,21.954910006746715,4.0,3,8.0,1960,0.0,B,B,25,5027,4,46.0,1,1,B
14595,6,3.0,80.69971269269756,,1.0,10,17.0,1977,0.243204519,B,B,5,1564,0,540.0,0,0,B
9583,27,1.0,32.47978110410621,,1.0,25,24.0,2014,0.072157581,B,B,2,629,1,,0,0,A
6283,7,2.0,44.650853695349255,27.404533222065982,5.0,7,5.0,1966,0.035145267,B,B,42,9292,3,2620.0,0,3,B
12929,85,2.0,48.5871044312415,32.016526908014306,6.0,6,9.0,1980,0.037177818,B,B,52,11217,1,2300.0,1,7,B
1779,29,1.0,43.610767135670784,16.26838735605571,9.0,7,17.0,2014,0.069660344,B,B,31,6119,4,,1,2,B
14764,6,1.0,50.15021727360921,,1.0,21,25.0,1977,0.243204519,B,B,5,1564,0,540.0,0,0,B
11208,61,2.0,48.83780425548026,30.087498639902428,6.0,6,9.0,1975,0.300322518,B,B,52,10311,6,,1,9,B
1468,157,3.0,66.70214391271496,45.96947580159011,8.0,5,5.0,1931,0.0,B,B,30,7538,87,4702.0,5,5,B
6011,47,3.0,77.69037251388325,50.46489448101416,10.0,2,22.0,1983,6.99893e-05,B,B,46,10309,1,240.0,1,16,B
3570,1,1.0,42.35619004623624,,11.0,16,22.0,1977,0.007122317,B,B,1,264,0,,0,1,B
14811,58,1.0,41.05789525897194,,1.0,17,17.0,1977,0.43788524,B,B,23,5735,3,1084.0,0,5,B
8120,55,1.0,39.34702023520798,23.735746674992967,8.0,3,14.0,1992,0.041365446,B,B,31,5569,0,,1,4,B
5139,34,2.0,59.92774490501757,,1.0,5,1.0,2014,0.069753361,B,B,53,13670,4,,1,11,B
16611,8,1.0,33.30142882137869,19.66564064869518,5.0,2,9.0,1966,0.458174486,B,A,26,4439,1,1130.0,1,5,B
7818,64,2.0,62.35435304869736,34.27655543777236,10.0,23,22.0,1990,0.135649789,B,B,46,7960,6,350.0,3,11,B
5126,64,3.0,69.13093951777222,45.00084095493787,1.0,3,9.0,1970,0.135649789,B,B,46,7960,6,350.0,3,11,B
8147,53,2.0,55.33550102523056,36.95894963034658,7.0,14,17.0,1975,0.313924552,B,B,22,4625,11,3855.0,2,10,B
16582,194,1.0,35.79361039852032,22.524008829332782,5.0,6,9.0,1964,0.174739084,B,B,17,3379,9,100.0,0,3,B
12563,58,2.0,45.08015861569906,28.419338114624345,7.0,4,9.0,1967,0.1489038909999999,B,B,9,1952,1,1430.0,3,2,B
15975,61,3.0,64.54365752157776,42.65154108152244,7.0,10,9.0,1981,0.300322518,B,B,52,10311,6,,1,9,B
7522,113,3.0,73.52515505729261,48.54916868062188,10.0,19,17.0,1977,0.050755569,B,B,24,5469,1,145.0,0,1,B
2873,6,3.0,77.93759822551998,,0.0,12,0.0,1977,0.243204519,B,B,5,1564,0,540.0,0,0,B
9409,8,1.0,33.77103192610992,21.58666277754625,6.0,6,9.0,1971,0.458174486,B,A,26,4439,1,1130.0,1,5,B
7455,36,2.0,38.24668870871138,26.731413504952048,7.0,6,9.0,1965,0.08761909,B,B,8,1497,5,,1,0,B
15642,20,1.0,50.36240482695722,26.673438781250557,15.0,8,11.0,2008,0.019508796,B,B,37,7687,11,176.0,5,5,B
9820,23,1.0,39.72742123300132,,1.0,14,17.0,1977,0.075778755,B,B,6,1437,3,,0,2,B
9967,149,1.0,43.67397021406908,20.564666972502845,10.0,7,22.0,2006,0.041116354,B,B,53,14892,4,,1,4,B
16321,75,1.0,32.2283653750775,32.67582692742988,5.0,4,5.0,1977,0.122090347,B,B,29,6566,7,1894.0,4,0,B
5877,77,3.0,69.11237658981862,43.37663288116915,8.0,4,16.0,1978,6.99893e-05,B,B,46,10309,1,240.0,1,16,B
16655,2,3.0,60.68938805202035,42.47322533059446,6.0,4,5.0,1969,0.130617806,B,B,39,10418,9,900.0,1,9,B
16389,28,1.0,35.46762292099524,19.552565068001933,8.0,4,9.0,1974,0.118537385,B,B,30,6207,1,1183.0,1,0,B
3103,1,3.0,81.68036945315265,,0.0,6,17.0,1977,0.007122317,B,B,1,264,0,,0,1,B
15771,23,3.0,105.59883863423885,,1.0,22,25.0,1977,0.075778755,B,B,6,1437,3,,0,2,B
6680,27,1.0,43.393592848286886,42.689224303106,1.0,13,15.0,2015,0.011654127,B,B,4,915,0,,0,0,B
12655,9,3.0,73.84663355424237,47.10201364746722,9.0,10,10.0,2007,0.31019913,B,B,11,2748,1,,0,0,B
12404,34,3.0,77.90082177715084,51.02036483680659,10.0,9,9.0,1998,0.069753361,B,B,53,13670,4,,1,11,B
5042,58,1.0,47.7695512582566,,12.0,11,0.0,1977,0.43788524,B,B,23,5735,3,1084.0,0,5,B
16604,17,3.0,100.00091752309037,102.11701542426228,0.0,4,0.0,1977,0.0,B,B,18,3374,5,620.0,1,2,B
3396,102,1.0,35.143063507585005,22.96297346854796,5.0,1,5.0,1961,0.23861713,B,B,26,3889,6,705.0,3,6,B
192,75,2.0,62.853793966716346,34.978464126383976,5.0,5,5.0,1961,0.307466659,B,A,30,5048,9,325.0,2,5,B
12325,6,1.0,80.53500601712658,3.6356467994858552,1.0,3,1.0,1977,0.243204519,B,B,5,1564,0,540.0,0,0,B
902,27,3.0,99.29319132374468,,0.0,2,0.0,1977,0.07542368,B,B,11,3097,0,,0,0,B
9505,113,1.0,41.34227110414053,17.039971943099214,8.0,10,18.0,1974,0.050755569,B,B,24,5469,1,145.0,0,1,B
16292,47,1.0,46.07429443193083,21.12862194632736,8.0,7,14.0,2007,0.101872465,B,B,23,4583,3,,3,3,B
2316,23,1.0,35.20507623353827,,1.0,4,17.0,1977,0.034656082,B,B,0,168,0,,0,0,B
15096,30,1.0,132.67051292780675,122.57893175773675,3.0,10,39.0,2010,7.81528e-05,B,B,22,6398,141,1046.0,3,23,B
6187,45,3.0,79.79820856763294,,0.0,17,0.0,1977,0.195781053,B,B,23,5212,6,,3,2,B
2831,21,1.0,21.452899484962423,15.79850945588107,3.0,11,9.0,1972,0.194489265,B,B,47,8004,3,125.0,3,5,B
15352,23,3.0,102.2230401443685,99.538613549229,0.0,9,0.0,1977,0.014072961,B,B,2,475,0,,0,0,B
8053,41,1.0,43.13978128543733,23.717269574161936,8.0,15,17.0,1994,0.036122292,B,B,24,4378,0,1036.0,1,1,B
701,90,2.0,54.153716290295954,35.21916068168964,9.0,10,17.0,1991,0.246031548,B,A,22,3151,4,2715.0,3,3,B
4106,57,1.0,31.782864972996755,20.357876844305864,5.0,5,5.0,1961,0.133215333,B,B,49,11395,3,1406.0,3,4,A
8834,81,1.0,36.848987281363954,23.48992992631429,10.0,5,12.0,1970,0.006076152,B,B,30,5285,0,645.0,6,6,B
1228,6,2.0,70.5774392965824,,1.0,7,17.0,1977,0.243204519,B,B,5,1564,0,540.0,0,0,B
11456,23,2.0,68.60484668763101,66.39706600179922,1.0,22,20.0,1977,0.034656082,B,B,0,168,0,,0,0,B
16577,171,2.0,42.11445110229482,27.233745764092344,5.0,11,10.0,1967,0.019508796,B,B,37,7687,11,176.0,5,5,B
9183,94,2.0,47.40466020847075,28.04116372102588,6.0,6,9.0,1975,0.521867054,B,B,25,6149,0,,0,0,B
1457,94,2.0,57.97217487994431,33.424595067232595,9.0,9,17.0,1983,0.282797669,B,B,33,8667,2,,0,6,B
466,90,1.0,39.115782469382175,21.150873238140928,9.0,11,12.0,1971,0.265088676,B,B,37,5288,0,1937.0,3,2,B
12713,6,3.0,79.95841647284678,,1.0,26,25.0,1977,0.243204519,B,B,5,1564,0,540.0,0,0,B
514,119,1.0,45.033640221405456,20.31315453147781,10.0,13,24.0,2007,0.000995363,B,B,42,7651,1,,1,5,B
5099,6,1.0,41.50104016449672,,0.0,18,0.0,1977,0.243204519,B,B,5,1564,0,540.0,0,0,B
2912,118,2.0,44.11645490821999,27.99341729018494,5.0,6,5.0,1963,0.341071945,B,B,27,5664,48,2300.0,3,11,B
10223,74,1.0,56.72658939435873,56.14668220711413,1.0,9,1.0,2015,0.075778755,B,B,6,1437,3,,0,2,B
11229,9,2.0,52.11544851572794,34.813364647107875,8.0,2,14.0,1996,0.161531741,B,B,25,5648,1,30.0,2,4,B
3279,111,2.0,50.975325180138114,29.590868743344565,8.0,11,12.0,1984,0.093442564,B,B,23,4635,5,3300.0,2,4,B
3067,31,2.0,60.00699595005486,35.07730981815217,8.0,7,8.0,1961,0.0,B,B,23,3684,2,,0,4,B
11838,0,1.0,41.38516689233557,17.441228719064224,8.0,14,17.0,2011,0.006076152,B,B,30,5285,0,645.0,6,6,B
269,72,2.0,43.513289771860215,31.630247170939107,5.0,5,5.0,1960,0.210473241,B,B,11,2398,2,1994.0,3,0,B
4426,21,2.0,41.5240252679048,24.69959506803997,5.0,4,14.0,1969,0.034331497,B,B,25,5487,3,,0,4,B
14801,1,2.0,63.14256906975294,66.21981509628355,1.0,11,24.0,2014,0.007122317,B,B,1,264,0,,0,1,B
7141,1,1.0,38.07507758620039,41.31459862925804,0.0,8,17.0,1977,0.007122317,B,B,1,264,0,,0,1,B
14071,52,2.0,52.27109829990741,51.12631348551072,0.0,5,17.0,1977,0.371148999,B,B,34,7065,1,750.0,2,5,B
9066,59,3.0,75.3410686641437,75.09886659243979,10.0,8,17.0,1987,0.019508796,B,B,37,7687,11,176.0,5,5,B
5820,94,1.0,33.68038206569946,34.198976538403485,1.0,10,9.0,1972,0.127375905,B,B,43,8429,3,,3,9,B
310,27,3.0,45.41135800046039,49.88336797864756,0.0,18,25.0,1977,0.072157581,B,B,2,629,1,,0,0,A
6580,1,1.0,66.07746612396379,66.43523136993767,1.0,15,17.0,1977,0.007122317,B,B,1,264,0,,0,1,B
7410,91,1.0,37.57626664416647,22.281774016029036,5.0,9,9.0,1968,0.000995363,B,B,42,7651,1,,1,5,B
16721,23,2.0,53.71487366849416,55.18427718462328,0.0,3,1.0,1977,0.005767451,B,B,1,388,0,,0,0,B
13666,6,1.0,39.357527431807725,41.89517518039839,1.0,8,17.0,2015,0.243204519,B,B,5,1564,0,540.0,0,0,B
16732,25,2.0,62.64144269941148,,1.0,20,22.0,1977,0.069753361,B,B,53,13670,4,,1,11,B
11727,6,3.0,77.5642182203554,,1.0,13,17.0,1977,0.243204519,B,B,5,1564,0,540.0,0,0,B
3847,79,2.0,54.68223899723799,30.20298365772833,11.0,7,16.0,1976,0.307466659,B,A,30,5048,9,325.0,2,5,B
13995,6,2.0,65.03311051536751,,1.0,7,17.0,1977,0.243204519,B,B,5,1564,0,540.0,0,0,B
2436,28,1.0,33.96336543862852,14.15236709301961,7.0,9,12.0,1988,0.118537385,B,B,30,6207,1,1183.0,1,0,B
7639,27,1.0,38.756506999921264,,1.0,7,1.0,1977,0.211401214,B,B,9,1892,0,,0,1,B
3645,7,1.0,40.892446797107866,22.06499471990757,9.0,13,16.0,1988,0.035145267,B,B,42,9292,3,2620.0,0,3,B
6113,17,1.0,37.91469999836486,20.534669989357653,8.0,17,24.0,1988,0.0,B,B,18,3374,5,620.0,1,2,B
9696,1,1.0,48.8352688217844,,1.0,2,1.0,1977,0.007122317,B,B,1,264,0,,0,1,B
1852,59,3.0,100.46240725809608,101.96364353834664,0.0,21,20.0,2015,0.019508796,B,B,37,7687,11,176.0,5,5,B
9134,12,1.0,41.38590201084737,20.54812938096621,8.0,8,10.0,1996,0.090799103,B,B,74,19083,2,,5,15,B
3087,23,2.0,60.15504790045204,,1.0,13,17.0,1977,0.075778755,B,B,6,1437,3,,0,2,B
14384,6,2.0,53.51691633612811,,1.0,4,17.0,1977,0.243204519,B,B,5,1564,0,540.0,0,0,B
12810,108,3.0,69.42369113709172,45.351179200021456,7.0,2,8.0,1963,0.0,B,B,23,3684,2,,0,4,B
12945,140,2.0,45.0998053843334,31.22307052990855,5.0,5,5.0,1962,0.23861713,B,B,26,3889,6,705.0,3,6,B
13860,176,2.0,56.3910159448731,35.832227756663215,7.0,1,5.0,1960,0.08761909,B,B,8,1497,5,,1,0,B
15709,48,3.0,86.48993470329461,86.16502319357315,1.0,24,1.0,2015,0.041124634,B,B,46,9515,5,,1,10,B
9653,78,1.0,39.05528928757781,21.9028674342744,7.0,17,17.0,2003,0.219006007,B,B,28,6746,3,,1,4,B
12912,134,2.0,64.71121973020472,62.19484091633999,1.0,3,17.0,2017,0.212515361,B,B,19,3293,16,628.0,3,7,B
16428,170,3.0,77.0287905358431,47.07690066782445,10.0,13,17.0,1990,0.21843974,B,B,21,4472,6,1450.0,4,7,A
3927,103,1.0,37.70311822947968,23.780611724029704,9.0,15,16.0,1984,0.0006991189999999,B,B,14,3369,24,4129.0,0,3,B
2689,143,3.0,69.85035822295137,47.45914633760978,9.0,5,16.0,1980,0.049863387,B,B,18,3746,9,75.0,3,1,B
10921,194,2.0,48.96912355782237,35.57071511251266,5.0,7,9.0,1977,0.174739084,B,B,17,3379,9,100.0,0,3,B
5845,111,1.0,33.984271075907024,22.95200251511988,5.0,4,5.0,1964,0.0,B,B,36,6714,2,2672.0,0,2,B
15692,27,2.0,63.83154155984054,62.857676050096046,1.0,11,17.0,1977,0.051815435,B,B,5,1227,0,,0,0,B
6854,6,2.0,63.95926453819797,62.86548044557145,1.0,16,17.0,2018,0.243204519,B,B,5,1564,0,540.0,0,0,B
1297,42,1.0,43.446218042593706,18.28785445311575,10.0,5,24.0,2009,0.158249043,B,B,21,5731,0,,1,0,B
7947,138,1.0,33.63414580341874,21.35605060781923,4.0,8,8.0,1964,0.313924552,B,B,22,4625,11,3855.0,2,10,B
7732,6,2.0,66.6520046974467,,0.0,16,17.0,1977,0.243204519,B,B,5,1564,0,540.0,0,0,B
4357,41,1.0,36.85487814181491,24.769205034410103,6.0,8,9.0,1974,0.175054867,B,B,36,10055,3,,1,0,B
11661,21,1.0,36.96362776610617,23.833476492867533,5.0,3,5.0,1967,0.194489265,B,B,47,8004,3,125.0,3,5,B
8263,6,2.0,67.35585729848364,,1.0,4,17.0,1977,0.243204519,B,B,5,1564,0,540.0,0,0,B
7240,52,2.0,62.221255681985006,64.93554187172954,10.0,11,17.0,1977,0.371148999,B,B,34,7065,1,750.0,2,5,B
5746,62,1.0,44.02135555960434,,0.0,13,0.0,1977,0.072157581,B,B,2,629,1,,0,0,A
5763,23,3.0,69.87765310865488,,1.0,1,16.0,2015,0.005767451,B,B,1,388,0,,0,0,B
11904,96,3.0,83.93810357291099,48.96388524758562,10.0,16,17.0,2005,0.041116354,B,B,53,14892,4,,1,4,B
2949,13,1.0,40.98328213991604,19.19828155783865,9.0,27,25.0,2002,0.090799103,B,B,74,19083,2,,5,15,B
6310,44,2.0,46.62366965384886,28.17433850257259,5.0,10,12.0,1970,0.036122292,B,B,24,4378,0,1036.0,1,1,B
5134,152,1.0,46.17616194694896,29.761717929683805,5.0,6,9.0,1967,0.042031587,B,B,37,6856,84,1940.0,2,5,B
7114,89,3.0,63.10634336972989,48.632745646578535,6.0,11,9.0,1970,0.151346216,B,A,32,5889,10,830.0,4,1,B
2077,27,1.0,54.4737523885719,21.133650179679226,13.0,13,18.0,2015,0.072157581,B,B,2,629,1,,0,0,A
15217,1,2.0,53.98617671573603,,1.0,3,17.0,1977,0.007122317,B,B,1,264,0,,0,1,B
10670,1,2.0,65.89151783704786,,1.0,8,17.0,1977,0.007122317,B,B,1,264,0,,0,1,B
4258,27,2.0,68.32156346070416,,10.0,11,1.0,1977,0.211401214,B,B,9,1892,0,,0,1,B
14997,30,2.0,63.31807494256496,,1.0,19,17.0,1977,7.81528e-05,B,B,22,6398,141,1046.0,3,23,B
4799,4,2.0,67.31385382276201,38.39385873477155,10.0,8,9.0,1963,0.327018035,B,B,12,2270,23,2500.0,1,0,B
92,21,3.0,70.42479628301454,46.60475213335845,9.0,12,12.0,1971,0.194489265,B,B,47,8004,3,125.0,3,5,B
6754,13,1.0,45.60355481370773,19.08534843324784,10.0,11,22.0,1977,0.090799103,B,B,74,19083,2,,5,15,B
14087,48,3.0,99.61588199913928,,1.0,8,8.0,2014,0.041124634,B,B,46,9515,5,,1,10,B
13473,96,3.0,79.58149352717886,47.4555801099418,10.0,11,22.0,1997,0.041116354,B,B,53,14892,4,,1,4,B
2372,94,2.0,49.33256475106596,29.09364337441785,9.0,2,9.0,1973,0.127375905,B,B,43,8429,3,,3,9,B
382,57,1.0,37.76580556334872,21.24226870175888,9.0,1,12.0,1979,0.133215333,B,B,49,11395,3,1406.0,3,4,A
882,27,1.0,51.21545715258194,,1.0,4,1.0,1977,0.072157581,B,B,2,629,1,,0,0,A
13941,84,1.0,34.02819725487102,20.31449909679476,6.0,1,9.0,1971,0.149666373,B,B,22,4789,2,4087.0,4,1,B
3015,5,2.0,47.89169898624935,33.152094037464664,5.0,7,5.0,1960,0.150817539,B,B,16,3433,4,2643.0,4,5,B
11334,106,3.0,85.22587990694541,53.86778723617012,10.0,5,14.0,2001,0.313924552,B,B,22,4625,11,3855.0,2,10,B
10775,13,3.0,82.97032049027008,51.67526892798937,8.0,10,14.0,1990,0.090799103,B,B,74,19083,2,,5,15,B
5035,62,1.0,50.25844244515483,22.55936501481891,11.0,8,17.0,2011,0.072157581,B,B,2,629,1,,0,0,A
9176,96,4.0,90.9505332873762,64.4558113572266,10.0,3,16.0,2002,0.041116354,B,B,53,14892,4,,1,4,B
7411,88,2.0,65.73780079138041,37.92760162421335,12.0,14,17.0,2008,0.127375905,B,B,43,8429,3,,3,9,B
13030,6,2.0,62.17926864536744,,1.0,2,17.0,1977,0.243204519,B,B,5,1564,0,540.0,0,0,B
6698,1,2.0,55.024440892987954,34.07424006784818,9.0,4,17.0,1990,0.025609157,B,B,33,5261,0,240.0,3,1,B
12042,30,2.0,69.08753774492892,,10.0,9,8.0,1977,7.81528e-05,B,B,22,6398,141,1046.0,3,23,B
12630,8,1.0,38.37754476303978,20.29581713561241,9.0,2,14.0,1974,0.458174486,B,A,26,4439,1,1130.0,1,5,B
9802,6,2.0,67.69067504798122,,0.0,9,17.0,1977,0.243204519,B,B,5,1564,0,540.0,0,0,B
7431,1,3.0,85.62825766524797,88.54499004590109,1.0,13,20.0,1977,0.007122317,B,B,1,264,0,,0,1,B
12946,1,1.0,33.67039691722691,21.68279505825845,6.0,8,9.0,1969,0.036270089,B,B,6,1318,1,200.0,1,1,B
2008,94,2.0,48.693295697353975,32.25870261971564,5.0,7,9.0,1975,0.127375905,B,B,43,8429,3,,3,9,B
12954,1,1.0,42.2470826240416,43.174824806167365,1.0,11,17.0,1977,0.007122317,B,B,1,264,0,,0,1,B
13419,46,3.0,66.50319055848914,44.951469834983904,9.0,7,12.0,1970,0.188783766,B,B,31,6137,4,,0,1,B
